date,country,total_cases,total_hospitalizations,total_icu,total_deaths,total_recovered,regions_count,avg_age
2020-03-18,FRANCE,0,5905,1535,435.0,1627.0,102,0.0
2020-03-19,FRANCE,0,7961,1975,642.0,2322.0,102,0.0
2020-03-20,FRANCE,0,10272,2564,890.0,3128.0,102,0.0
2020-03-21,FRANCE,0,11599,2872,1041.0,3580.0,102,0.0
2020-03-22,FRANCE,0,13675,3311,1251.0,4188.0,102,0.0
2020-03-23,FRANCE,0,17087,4114,1707.0,5084.0,102,0.0
2020-03-24,FRANCE,0,20155,4970,2186.0,6514.0,102,0.0
2020-03-25,FRANCE,0,23992,5847,2763.0,8113.0,102,0.0
2020-03-26,FRANCE,0,27601,6676,3379.0,9827.0,102,0.0
2020-03-27,FRANCE,0,31237,7484,3979.0,11324.0,102,0.0
2020-03-28,FRANCE,0,34975,8438,4615.0,13164.0,102,0.0
2020-03-29,FRANCE,0,38424,9151,5199.0,14175.0,102,0.0
2020-03-30,FRANCE,0,41682,10080,6033.0,15748.0,102,0.0
2020-03-31,FRANCE,0,45115,10956,7027.0,18776.0,102,0.0
2020-04-01,FRANCE,0,48849,11841,8041.0,21741.0,102,0.0
2020-04-02,FRANCE,0,51999,12561,8980.0,24715.0,102,0.0
2020-04-03,FRANCE,0,54328,13056,10150.0,27865.0,102,0.0
2020-04-04,FRANCE,0,55716,13386,11027.0,30714.0,102,0.0
2020-04-05,FRANCE,0,57175,13654,11739.0,32204.0,102,0.0
2020-04-06,FRANCE,0,58813,13832,12939.0,34335.0,102,0.0
2020-04-07,FRANCE,0,59430,13943,14127.0,38485.0,102,0.0
2020-04-08,FRANCE,0,60121,13973,15203.0,42306.0,102,0.0
2020-04-09,FRANCE,0,60897,13811,16025.0,46197.0,102,0.0
2020-04-10,FRANCE,0,61911,13685,17125.0,49636.0,102,0.0
2020-04-11,FRANCE,0,62009,13437,17814.0,52539.0,102,0.0
2020-04-12,FRANCE,0,63009,13360,18433.0,54117.0,102,0.0
2020-04-13,FRANCE,0,63572,13314,19099.0,55177.0,102,0.0
2020-04-14,FRANCE,0,63942,13134,20174.0,57340.0,102,0.0
2020-04-15,FRANCE,0,62946,12597,21201.0,61619.0,102,0.0
2020-04-16,FRANCE,0,62045,12213,22015.0,65323.0,102,0.0
2020-04-17,FRANCE,0,61826,11781,22843.0,68519.0,102,0.0
2020-04-18,FRANCE,0,60741,11405,23573.0,71629.0,102,0.0
2020-04-19,FRANCE,0,60686,11229,24025.0,72810.0,102,0.0
2020-04-20,FRANCE,0,60625,11107,24910.0,74465.0,102,0.0
2020-04-21,FRANCE,0,59673,10612,25682.0,77999.0,102,0.0
2020-04-22,FRANCE,0,58963,10199,26346.0,80938.0,102,0.0
2020-04-23,FRANCE,0,57953,9888,26962.0,83783.0,102,0.0
2020-04-24,FRANCE,0,56844,9525,27573.0,86578.0,102,0.0
2020-04-25,FRANCE,0,55976,9238,27970.0,88773.0,102,0.0
2020-04-26,FRANCE,0,55962,9154,28274.0,89386.0,102,0.0
2020-04-27,FRANCE,0,55640,9012,28864.0,90600.0,102,0.0
2020-04-28,FRANCE,0,54951,8748,29243.0,92228.0,102,0.0
2020-04-29,FRANCE,0,53392,8243,30036.0,96221.0,102,0.0
2020-04-30,FRANCE,0,52311,7883,30414.0,98710.0,102,0.0
2020-05-01,FRANCE,0,51533,7627,30651.0,100179.0,102,0.0
2020-05-02,FRANCE,0,51419,7530,30887.0,100876.0,102,0.0
2020-05-03,FRANCE,0,51395,7514,31081.0,101317.0,102,0.0
2020-05-04,FRANCE,0,50859,7267,31566.0,102489.0,102,0.0
2020-05-05,FRANCE,0,49317,6741,32034.0,105216.0,102,0.0
2020-05-06,FRANCE,0,47737,6183,32387.0,107677.0,102,0.0
2020-05-07,FRANCE,0,46184,5817,32683.0,109784.0,102,0.0
2020-05-08,FRANCE,0,45220,5633,32904.0,111288.0,102,0.0
2020-05-09,FRANCE,0,45001,5521,33056.0,111799.0,102,0.0
2020-05-10,FRANCE,0,44906,5450,33192.0,112186.0,102,0.0
2020-05-11,FRANCE,0,44343,5327,33548.0,113192.0,102,0.0
2020-05-12,FRANCE,0,42971,4988,33911.0,115308.0,102,0.0
2020-05-13,FRANCE,0,41934,4765,34107.0,117078.0,102,0.0
2020-05-14,FRANCE,0,40723,4508,34353.0,118934.0,102,0.0
2020-05-15,FRANCE,0,39522,4321,34590.0,120619.0,102,0.0
2020-05-16,FRANCE,0,38666,4179,34730.0,121852.0,102,0.0
2020-05-17,FRANCE,0,38527,4091,34838.0,122146.0,102,0.0
2020-05-18,FRANCE,0,37833,3913,35083.0,123174.0,102,0.0
2020-05-19,FRANCE,0,36740,3706,35332.0,124842.0,102,0.0
2020-05-20,FRANCE,0,35693,3505,35525.0,126421.0,102,0.0
2020-05-21,FRANCE,0,34985,3413,35640.0,127426.0,102,0.0
2020-05-22,FRANCE,0,34586,3325,35789.0,128126.0,102,0.0
2020-05-23,FRANCE,0,34175,3253,35874.0,128801.0,102,0.0
2020-05-24,FRANCE,0,34190,3233,35943.0,128941.0,102,0.0
2020-05-25,FRANCE,0,33414,3140,36123.0,130101.0,102,0.0
2020-05-26,FRANCE,0,32347,3033,36287.0,131457.0,102,0.0
2020-05-27,FRANCE,0,31186,2929,36416.0,132866.0,102,0.0
2020-05-28,FRANCE,0,30245,2785,36547.0,134075.0,102,0.0
2020-05-29,FRANCE,0,29223,2652,36668.0,135295.0,102,0.0
2020-05-30,FRANCE,0,28594,2581,36782.0,136223.0,102,0.0
2020-05-31,FRANCE,0,28477,2569,36844.0,136397.0,102,0.0
2020-06-01,FRANCE,0,28409,2535,36906.0,136567.0,102,0.0
2020-06-02,FRANCE,0,27890,2438,37074.0,137309.0,102,0.0
2020-06-03,FRANCE,0,26861,2354,37236.0,138595.0,102,0.0
2020-06-04,FRANCE,0,26039,2263,37324.0,139632.0,102,0.0
2020-06-05,FRANCE,0,25221,2125,37415.0,140686.0,102,0.0
2020-06-06,FRANCE,0,24788,2056,37477.0,141289.0,102,0.0
2020-06-07,FRANCE,0,24753,2044,37503.0,141361.0,102,0.0
2020-06-08,FRANCE,0,24461,1986,37611.0,141799.0,102,0.0
2020-06-09,FRANCE,0,23754,1848,37717.0,142683.0,102,0.0
2020-06-10,FRANCE,0,23188,1804,37763.0,143332.0,102,0.0
2020-06-11,FRANCE,0,22764,1746,37818.0,143963.0,102,0.0
2020-06-12,FRANCE,0,22083,1697,37874.0,144808.0,102,0.0
2020-06-13,FRANCE,0,21653,1681,37922.0,145279.0,102,0.0
2020-06-14,FRANCE,0,21596,1677,37940.0,145381.0,102,0.0
2020-06-15,FRANCE,0,21338,1631,37998.0,145751.0,102,0.0
2020-06-16,FRANCE,0,20903,1580,38073.0,146333.0,102,0.0
2020-06-17,FRANCE,0,20372,1484,38129.0,146991.0,102,0.0
2020-06-18,FRANCE,0,20089,1444,38185.0,147430.0,102,0.0
2020-06-19,FRANCE,0,19783,1394,38211.0,147886.0,102,0.0
2020-06-20,FRANCE,0,19519,1370,38243.0,148277.0,102,0.0
2020-06-21,FRANCE,0,19490,1371,38257.0,148397.0,102,0.0
2020-06-22,FRANCE,0,19228,1343,38303.0,148877.0,102,0.0
2020-06-23,FRANCE,0,18827,1305,38354.0,149392.0,102,0.0
2020-06-24,FRANCE,0,18445,1257,38378.0,149902.0,102,0.0
2020-06-25,FRANCE,0,18128,1243,38420.0,150347.0,102,0.0
2020-06-26,FRANCE,0,17617,1209,38472.0,150942.0,102,0.0
2020-06-27,FRANCE,0,17368,1185,38502.0,151268.0,102,0.0
2020-06-28,FRANCE,0,17392,1185,38506.0,151328.0,102,0.0
2020-06-29,FRANCE,0,17225,1178,38542.0,151638.0,102,0.0
2020-06-30,FRANCE,0,16918,1143,38584.0,152188.0,102,0.0
2020-07-01,FRANCE,0,16520,1104,38620.0,152736.0,102,0.0
2020-07-02,FRANCE,0,16146,1086,38648.0,153241.0,102,0.0
2020-07-03,FRANCE,0,15830,1061,38684.0,153756.0,102,0.0
2020-07-04,FRANCE,0,15666,1029,38708.0,153976.0,102,0.0
2020-07-05,FRANCE,0,15665,1036,38712.0,154014.0,102,0.0
2020-07-06,FRANCE,0,15552,1035,38738.0,154270.0,102,0.0
2020-07-07,FRANCE,0,15042,1014,38806.0,154939.0,102,0.0
2020-07-08,FRANCE,0,14452,999,38868.0,155620.0,102,0.0
2020-07-09,FRANCE,0,14215,966,38896.0,155967.0,102,0.0
2020-07-10,FRANCE,0,13987,936,38946.0,156402.0,102,0.0
2020-07-11,FRANCE,0,13937,933,38958.0,156555.0,102,0.0
2020-07-12,FRANCE,0,13929,939,38960.0,156619.0,102,0.0
2020-07-13,FRANCE,0,13830,927,38996.0,156818.0,102,0.0
2020-07-14,FRANCE,0,13765,923,39008.0,156982.0,102,0.0
2020-07-15,FRANCE,0,13694,907,39048.0,157260.0,102,0.0
2020-07-16,FRANCE,0,13458,905,39083.0,157688.0,102,0.0
2020-07-17,FRANCE,0,13241,898,39111.0,158103.0,102,0.0
2020-07-18,FRANCE,0,13179,894,39127.0,158280.0,102,0.0
2020-07-19,FRANCE,0,13118,890,39129.0,158403.0,102,0.0
2020-07-20,FRANCE,0,13049,878,39161.0,158692.0,102,0.0
2020-07-21,FRANCE,0,12836,855,39187.0,159077.0,102,0.0
2020-07-22,FRANCE,0,12605,836,39201.0,159522.0,102,0.0
2020-07-23,FRANCE,0,11789,818,39221.0,160547.0,102,0.0
2020-07-24,FRANCE,0,11317,765,39241.0,161231.0,102,0.0
2020-07-25,FRANCE,0,11229,731,39257.0,161453.0,102,0.0
2020-07-26,FRANCE,0,11241,729,39259.0,161517.0,102,0.0
2020-07-27,FRANCE,0,11190,744,39275.0,161764.0,102,0.0
2020-07-28,FRANCE,0,10984,718,39305.0,162220.0,102,0.0
2020-07-29,FRANCE,0,10784,708,39335.0,162598.0,102,0.0
2020-07-30,FRANCE,0,10636,710,39367.0,162930.0,102,0.0
2020-07-31,FRANCE,0,10480,690,39389.0,163358.0,102,0.0
2020-08-01,FRANCE,0,10320,684,39400.0,163650.0,102,0.0
2020-08-02,FRANCE,0,10342,686,39402.0,163676.0,102,0.0
2020-08-03,FRANCE,0,10276,716,39447.0,163928.0,102,0.0
2020-08-04,FRANCE,0,10201,724,39469.0,164231.0,102,0.0
2020-08-05,FRANCE,0,10173,716,39487.0,164515.0,102,0.0
2020-08-06,FRANCE,0,10002,727,39501.0,164932.0,102,0.0
2020-08-07,FRANCE,0,9906,713,39525.0,165263.0,102,0.0
2020-08-08,FRANCE,0,9927,727,39529.0,165374.0,102,0.0
2020-08-09,FRANCE,0,9948,731,39529.0,165384.0,102,0.0
2020-08-10,FRANCE,0,9970,738,39557.0,165683.0,102,0.0
2020-08-11,FRANCE,0,9907,729,39586.0,166061.0,102,0.0
2020-08-12,FRANCE,0,9665,705,39620.0,166531.0,102,0.0
2020-08-13,FRANCE,0,9610,698,39654.0,166908.0,102,0.0
2020-08-14,FRANCE,0,9540,685,39690.0,167279.0,102,0.0
2020-08-15,FRANCE,0,9598,702,39696.0,167367.0,102,0.0
2020-08-16,FRANCE,0,9604,702,39698.0,167425.0,102,0.0
2020-08-17,FRANCE,0,9729,718,39736.0,167713.0,102,0.0
2020-08-18,FRANCE,0,9524,708,39767.0,168200.0,102,0.0
2020-08-19,FRANCE,0,9522,718,39800.0,168483.0,102,0.0
2020-08-20,FRANCE,0,9406,730,39824.0,168831.0,102,0.0
2020-08-21,FRANCE,0,9399,728,39870.0,169203.0,102,0.0
2020-08-22,FRANCE,0,9325,730,39886.0,169446.0,102,0.0
2020-08-23,FRANCE,0,9321,736,39888.0,169492.0,102,0.0
2020-08-24,FRANCE,0,9286,770,39918.0,169944.0,102,0.0
2020-08-25,FRANCE,0,9114,797,39958.0,170584.0,102,0.0
2020-08-26,FRANCE,0,9026,744,39993.0,171055.0,102,0.0
2020-08-27,FRANCE,0,8994,748,40017.0,171497.0,102,0.0
2020-08-28,FRANCE,0,8992,760,40055.0,171884.0,102,0.0
2020-08-29,FRANCE,0,8984,786,40067.0,172125.0,102,0.0
2020-08-30,FRANCE,0,8994,790,40075.0,172149.0,102,0.0
2020-08-31,FRANCE,0,9089,803,40132.0,172465.0,102,0.0
2020-09-01,FRANCE,0,9133,833,40170.0,172947.0,102,0.0
2020-09-02,FRANCE,0,9186,876,40220.0,173446.0,102,0.0
2020-09-03,FRANCE,0,9213,914,40260.0,173931.0,102,0.0
2020-09-04,FRANCE,0,9272,931,40295.0,174410.0,102,0.0
2020-09-05,FRANCE,0,9298,949,40319.0,174673.0,102,0.0
2020-09-06,FRANCE,0,9356,957,40325.0,174730.0,102,0.0
2020-09-07,FRANCE,0,9739,1059,40375.0,175183.0,102,0.0
2020-09-08,FRANCE,0,9838,1133,40452.0,175961.0,102,0.0
2020-09-09,FRANCE,0,9926,1182,40512.0,176556.0,102,0.0
2020-09-10,FRANCE,0,10107,1211,40550.0,176992.0,102,0.0
2020-09-11,FRANCE,0,10223,1251,40630.0,177624.0,102,0.0
2020-09-12,FRANCE,0,10300,1304,40663.0,177968.0,102,0.0
2020-09-13,FRANCE,0,10402,1318,40675.0,178046.0,102,0.0
2020-09-14,FRANCE,0,10908,1404,40742.0,178514.0,102,0.0
2020-09-15,FRANCE,0,11265,1498,40813.0,179282.0,102,0.0
2020-09-16,FRANCE,0,11546,1586,40905.0,180167.0,102,0.0
2020-09-17,FRANCE,0,11596,1580,41005.0,181174.0,102,0.0
2020-09-18,FRANCE,0,11549,1636,41249.0,182631.0,102,0.0
2020-09-19,FRANCE,0,10936,1650,41299.0,184117.0,102,0.0
2020-09-20,FRANCE,0,10652,1663,41321.0,184642.0,102,0.0
2020-09-21,FRANCE,0,11138,1818,41427.0,185488.0,102,0.0
2020-09-22,FRANCE,0,11492,1881,41560.0,186542.0,102,0.0
2020-09-23,FRANCE,0,11763,1982,41646.0,187423.0,102,0.0
2020-09-24,FRANCE,0,11963,2073,41749.0,188284.0,102,0.0
2020-09-25,FRANCE,0,12156,2174,41859.0,189232.0,102,0.0
2020-09-26,FRANCE,0,12246,2200,41937.0,190051.0,102,0.0
2020-09-27,FRANCE,0,12409,2213,41991.0,190295.0,102,0.0
2020-09-28,FRANCE,0,12725,2303,42153.0,190991.0,102,0.0
2020-09-29,FRANCE,0,12890,2382,42269.0,192094.0,102,0.0
2020-09-30,FRANCE,0,13062,2451,42395.0,193031.0,102,0.0
2020-10-01,FRANCE,0,13182,2505,42522.0,193976.0,102,0.0
2020-10-02,FRANCE,0,13393,2528,42614.0,194990.0,102,0.0
2020-10-03,FRANCE,0,13382,2564,42701.0,195886.0,102,0.0
2020-10-04,FRANCE,0,13829,2656,42764.0,196174.0,102,0.0
2020-10-05,FRANCE,0,14446,2801,42901.0,196781.0,102,0.0
2020-10-06,FRANCE,0,14661,2818,43024.0,198002.0,102,0.0
2020-10-07,FRANCE,0,14936,2798,43184.0,198995.0,102,0.0
2020-10-08,FRANCE,0,15119,2821,43336.0,200015.0,102,0.0
2020-10-09,FRANCE,0,15603,2862,43460.0,201050.0,102,0.0
2020-10-10,FRANCE,0,15864,2895,43568.0,202012.0,102,0.0
2020-10-11,FRANCE,0,16359,2949,43660.0,202372.0,102,0.0
2020-10-12,FRANCE,0,17233,3063,43850.0,203187.0,102,0.0
2020-10-13,FRANCE,0,17746,3250,44018.0,204742.0,102,0.0
2020-10-14,FRANCE,0,18228,3311,44225.0,206202.0,102,0.0
2020-10-15,FRANCE,0,19054,3468,44399.0,207533.0,102,0.0
2020-10-16,FRANCE,0,19932,3570,44642.0,208754.0,102,0.0
2020-10-17,FRANCE,0,20686,3722,44819.0,209746.0,102,0.0
2020-10-18,FRANCE,0,21675,3860,44989.0,210218.0,102,0.0
2020-10-19,FRANCE,0,23166,4164,45281.0,211217.0,102,0.0
2020-10-20,FRANCE,0,24747,4318,45603.0,213018.0,102,0.0
2020-10-21,FRANCE,0,26187,4459,45928.0,214640.0,102,0.0
2020-10-22,FRANCE,0,27867,4600,46249.0,216528.0,102,0.0
2020-10-23,FRANCE,0,29811,4847,46616.0,218294.0,102,0.0
2020-10-24,FRANCE,0,31108,4967,46889.0,219957.0,102,0.0
2020-10-25,FRANCE,0,32724,5132,47121.0,220633.0,102,0.0
2020-10-26,FRANCE,0,35327,5503,47632.0,222002.0,102,0.0
2020-10-27,FRANCE,0,37693,5794,48207.0,224725.0,102,0.0
2020-10-28,FRANCE,0,40150,6045,48691.0,227236.0,102,0.0
2020-10-29,FRANCE,0,42095,6266,49158.0,229844.0,102,0.0
2020-10-30,FRANCE,0,44068,6702,49665.0,232323.0,102,0.0
2020-10-31,FRANCE,0,45778,6850,50110.0,234437.0,102,0.0
2020-11-01,FRANCE,0,47723,7098,50572.0,235699.0,102,0.0
2020-11-02,FRANCE,0,49935,7404,51401.0,237447.0,102,0.0
2020-11-03,FRANCE,0,52188,7700,52247.0,240657.0,102,0.0
2020-11-04,FRANCE,0,54726,8121,53011.0,244534.0,102,0.0
2020-11-05,FRANCE,0,56506,8402,53736.0,247754.0,102,0.0
2020-11-06,FRANCE,0,57617,8598,54528.0,251847.0,102,0.0
2020-11-07,FRANCE,0,58486,8777,55132.0,255051.0,102,0.0
2020-11-08,FRANCE,0,60110,9010,55671.0,256396.0,102,0.0
2020-11-09,FRANCE,0,61869,9312,56759.0,258627.0,102,0.0
2020-11-10,FRANCE,0,62624,9435,57687.0,262973.0,102,0.0
2020-11-11,FRANCE,0,63502,9540,58342.0,266509.0,102,0.0
2020-11-12,FRANCE,0,64987,9732,59227.0,269289.0,102,0.0
2020-11-13,FRANCE,0,65037,9742,60137.0,273668.0,102,0.0
2020-11-14,FRANCE,0,64618,9675,60840.0,277625.0,102,0.0
2020-11-15,FRANCE,0,65759,9724,61444.0,278959.0,102,0.0
2020-11-16,FRANCE,0,66605,9770,62455.0,281087.0,102,0.0
2020-11-17,FRANCE,0,65964,9639,63310.0,285605.0,102,0.0
2020-11-18,FRANCE,0,65285,9477,64158.0,290070.0,102,0.0
2020-11-19,FRANCE,0,64287,9238,65015.0,294411.0,102,0.0
2020-11-20,FRANCE,0,63416,9095,65774.0,298293.0,102,0.0
2020-11-21,FRANCE,0,62396,8952,66280.0,301598.0,102,0.0
2020-11-22,FRANCE,0,62704,8948,66708.0,302602.0,102,0.0
2020-11-23,FRANCE,0,62559,8846,67703.0,304413.0,102,0.0
2020-11-24,FRANCE,0,60871,8526,68605.0,308562.0,102,0.0
2020-11-25,FRANCE,0,59576,8248,69364.0,312281.0,102,0.0
2020-11-26,FRANCE,0,58251,7986,70039.0,315635.0,102,0.0
2020-11-27,FRANCE,0,56942,7718,70823.0,318967.0,102,0.0
2020-11-28,FRANCE,0,55983,7507,71248.0,321401.0,102,0.0
2020-11-29,FRANCE,0,56276,7467,71641.0,321977.0,102,0.0
2020-11-30,FRANCE,0,56163,7457,72449.0,323672.0,102,0.0
2020-12-01,FRANCE,0,54922,7167,73176.0,327151.0,102,0.0
2020-12-02,FRANCE,0,53673,6935,73791.0,330207.0,102,0.0
2020-12-03,FRANCE,0,53049,6810,74436.0,332952.0,102,0.0
2020-12-04,FRANCE,0,52255,6542,74997.0,335767.0,102,0.0
2020-12-05,FRANCE,0,51772,6415,75423.0,337769.0,102,0.0
2020-12-06,FRANCE,0,52206,6397,75769.0,338225.0,102,0.0
2020-12-07,FRANCE,0,52345,6352,76499.0,339618.0,102,0.0
2020-12-08,FRANCE,0,51459,6129,77248.0,342758.0,102,0.0
2020-12-09,FRANCE,0,50769,6036,77836.0,345499.0,102,0.0
2020-12-10,FRANCE,0,50123,5873,78418.0,348307.0,102,0.0
2020-12-11,FRANCE,0,49601,5722,79024.0,350762.0,102,0.0
2020-12-12,FRANCE,0,49617,5677,79411.0,352454.0,102,0.0
2020-12-13,FRANCE,0,50122,5695,79710.0,352956.0,102,0.0
2020-12-14,FRANCE,0,50611,5766,80446.0,354255.0,102,0.0
2020-12-15,FRANCE,0,50121,5715,81058.0,357122.0,102,0.0
2020-12-16,FRANCE,0,50277,5652,81632.0,359554.0,102,0.0
2020-12-17,FRANCE,0,50014,5571,82146.0,361929.0,102,0.0
2020-12-18,FRANCE,0,49614,5505,82655.0,364236.0,102,0.0
2020-12-19,FRANCE,0,49354,5412,83031.0,366040.0,102,0.0
2020-12-20,FRANCE,0,49642,5466,83288.0,366506.0,102,0.0
2020-12-21,FRANCE,0,50126,5452,83985.0,367817.0,102,0.0
2020-12-22,FRANCE,0,49589,5414,84744.0,370988.0,102,0.0
2020-12-23,FRANCE,0,49434,5378,85295.0,373402.0,102,0.0
2020-12-24,FRANCE,0,48939,5263,85874.0,376122.0,102,0.0
2020-12-25,FRANCE,0,48433,5198,86190.0,377722.0,102,0.0
2020-12-26,FRANCE,0,48603,5245,86481.0,378266.0,102,0.0
2020-12-27,FRANCE,0,48955,5264,86822.0,378710.0,102,0.0
2020-12-28,FRANCE,0,49007,5352,87547.0,380262.0,102,0.0
2020-12-29,FRANCE,0,49208,5297,88312.0,382413.0,102,0.0
2020-12-30,FRANCE,0,48842,5270,88916.0,384885.0,102,0.0
2020-12-31,FRANCE,0,48542,5220,89413.0,387220.0,102,0.0
2021-01-01,FRANCE,0,48252,5188,89677.0,388542.0,102,0.0
2021-01-02,FRANCE,0,48641,5232,89987.0,389084.0,102,0.0
2021-01-03,FRANCE,0,49285,5297,90218.0,389507.0,102,0.0
2021-01-04,FRANCE,0,49657,5283,90969.0,390798.0,102,0.0
2021-01-05,FRANCE,0,49476,5201,91657.0,393717.0,102,0.0
2021-01-06,FRANCE,0,49138,5182,92224.0,396216.0,102,0.0
2021-01-07,FRANCE,0,48707,5114,92773.0,398843.0,102,0.0
2021-01-08,FRANCE,0,48492,5181,93321.0,401242.0,102,0.0
2021-01-09,FRANCE,0,48214,5166,93657.0,402992.0,102,0.0
2021-01-10,FRANCE,0,48784,5205,93958.0,403519.0,102,0.0
2021-01-11,FRANCE,0,49361,5299,94578.0,404793.0,102,0.0
2021-01-12,FRANCE,0,49122,5319,95284.0,407418.0,102,0.0
2021-01-13,FRANCE,0,49195,5369,95740.0,409966.0,102,0.0
2021-01-14,FRANCE,0,49691,5403,96303.0,412211.0,102,0.0
2021-01-15,FRANCE,0,49743,5431,96860.0,414734.0,102,0.0
2021-01-16,FRANCE,0,49696,5433,97246.0,416698.0,102,0.0
2021-01-17,FRANCE,0,50191,5503,97528.0,417266.0,102,0.0
2021-01-18,FRANCE,0,50893,5576,98329.0,418975.0,102,0.0
2021-01-19,FRANCE,0,50786,5627,99063.0,422190.0,102,0.0
2021-01-20,FRANCE,0,51025,5652,99682.0,425027.0,102,0.0
2021-01-21,FRANCE,0,51112,5697,100371.0,427609.0,102,0.0
2021-01-22,FRANCE,0,51464,5772,101003.0,430167.0,102,0.0
2021-01-23,FRANCE,0,51449,5741,101461.0,431966.0,102,0.0
2021-01-24,FRANCE,0,52427,5878,101804.0,432443.0,102,0.0
2021-01-25,FRANCE,0,53481,6031,102690.0,433919.0,102,0.0
2021-01-26,FRANCE,0,53713,6109,103386.0,436789.0,102,0.0
2021-01-27,FRANCE,0,53960,6164,104084.0,439615.0,102,0.0
2021-01-28,FRANCE,0,53949,6171,104771.0,442266.0,102,0.0
2021-01-29,FRANCE,0,54227,6209,105475.0,444795.0,102,0.0
2021-01-30,FRANCE,0,54167,6173,105958.0,446676.0,102,0.0
2021-01-31,FRANCE,0,54826,6266,106347.0,447245.0,102,0.0
2021-02-01,FRANCE,0,55429,6408,107249.0,449064.0,102,0.0
2021-02-02,FRANCE,0,55763,6518,108053.0,452199.0,102,0.0
2021-02-03,FRANCE,0,55618,6510,108765.0,455336.0,102,0.0
2021-02-04,FRANCE,0,55234,6455,109477.0,458336.0,102,0.0
2021-02-05,FRANCE,0,54839,6447,110057.0,461467.0,102,0.0
2021-02-06,FRANCE,0,54361,6408,110436.0,463741.0,102,0.0
2021-02-07,FRANCE,0,55005,6501,110778.0,464306.0,102,0.0
2021-02-08,FRANCE,0,55695,6683,111692.0,466331.0,102,0.0
2021-02-09,FRANCE,0,54982,6641,112562.0,469760.0,102,0.0
2021-02-10,FRANCE,0,54553,6594,113152.0,472542.0,102,0.0
2021-02-11,FRANCE,0,53644,6628,113868.0,475807.0,102,0.0
2021-02-12,FRANCE,0,52585,6573,114500.0,478865.0,102,0.0
2021-02-13,FRANCE,0,52120,6563,114897.0,480989.0,102,0.0
2021-02-14,FRANCE,0,52527,6572,115227.0,481535.0,102,0.0
2021-02-15,FRANCE,0,52685,6714,116044.0,483325.0,102,0.0
2021-02-16,FRANCE,0,52105,6650,116744.0,486731.0,102,0.0
2021-02-17,FRANCE,0,51572,6656,117361.0,489709.0,102,0.0
2021-02-18,FRANCE,0,51158,6748,117900.0,492472.0,102,0.0
2021-02-19,FRANCE,0,50728,6740,118548.0,495186.0,102,0.0
2021-02-20,FRANCE,0,50242,6717,118913.0,497302.0,102,0.0
2021-02-21,FRANCE,0,50618,6762,119231.0,497716.0,102,0.0
2021-02-22,FRANCE,0,51354,6793,119894.0,499318.0,102,0.0
2021-02-23,FRANCE,0,51024,6850,120509.0,502406.0,102,0.0
2021-02-24,FRANCE,0,50932,6852,121061.0,505131.0,102,0.0
2021-02-25,FRANCE,0,50339,6837,121580.0,507952.0,102,0.0
2021-02-26,FRANCE,0,49959,6866,122146.0,510856.0,102,0.0
2021-02-27,FRANCE,0,49677,6884,122516.0,512712.0,102,0.0
2021-02-28,FRANCE,0,50255,6963,122760.0,513303.0,102,0.0
2021-03-01,FRANCE,0,50556,7067,123504.0,514941.0,102,0.0
2021-03-02,FRANCE,0,50219,7148,124101.0,517947.0,102,0.0
2021-03-03,FRANCE,0,49912,7246,124739.0,520722.0,102,0.0
2021-03-04,FRANCE,0,49485,7239,125321.0,523506.0,102,0.0
2021-03-05,FRANCE,0,49227,7325,125796.0,525952.0,102,0.0
2021-03-06,FRANCE,0,48942,7339,126136.0,527923.0,102,0.0
2021-03-07,FRANCE,0,49315,7439,126396.0,528688.0,102,0.0
2021-03-08,FRANCE,0,50077,7651,127110.0,530269.0,102,0.0
2021-03-09,FRANCE,0,50101,7791,127705.0,533132.0,102,0.0
2021-03-10,FRANCE,0,49643,7794,128231.0,536074.0,102,0.0
2021-03-11,FRANCE,0,49414,7938,128758.0,538892.0,102,0.0
2021-03-12,FRANCE,0,49216,8021,129201.0,541357.0,102,0.0
2021-03-13,FRANCE,0,49049,8091,129539.0,543225.0,102,0.0
2021-03-14,FRANCE,0,49690,8206,129816.0,543910.0,102,0.0
2021-03-15,FRANCE,0,50649,8394,130476.0,545524.0,102,0.0
2021-03-16,FRANCE,0,50713,8433,131101.0,548679.0,102,0.0
2021-03-17,FRANCE,0,50365,8391,131583.0,551919.0,102,0.0
2021-03-18,FRANCE,0,50506,8446,132119.0,554449.0,102,0.0
2021-03-19,FRANCE,0,50416,8529,132683.0,557195.0,102,0.0
2021-03-20,FRANCE,0,50796,8662,133034.0,559036.0,102,0.0
2021-03-21,FRANCE,0,51574,8766,133308.0,559800.0,102,0.0
2021-03-22,FRANCE,0,52698,9049,133990.0,561652.0,102,0.0
2021-03-23,FRANCE,0,53236,9217,134563.0,564878.0,102,0.0
2021-03-24,FRANCE,0,53479,9245,135052.0,568239.0,102,0.0
2021-03-25,FRANCE,0,53797,9361,135501.0,571045.0,102,0.0
2021-03-26,FRANCE,0,54212,9479,136104.0,573937.0,102,0.0
2021-03-27,FRANCE,0,54241,9535,136483.0,576507.0,102,0.0
2021-03-28,FRANCE,0,55145,9695,136744.0,577306.0,102,0.0
2021-03-29,FRANCE,0,56369,9899,137459.0,579413.0,102,0.0
2021-03-30,FRANCE,0,56729,10099,138128.0,583361.0,102,0.0
2021-03-31,FRANCE,0,56635,10065,138730.0,587029.0,102,0.0
2021-04-01,FRANCE,0,56858,10172,139343.0,590075.0,102,0.0
2021-04-02,FRANCE,0,57165,10464,139939.0,593187.0,102,0.0
2021-04-03,FRANCE,0,57463,10495,140309.0,595856.0,102,0.0
2021-04-04,FRANCE,0,58394,10630,140678.0,596953.0,102,0.0
2021-04-05,FRANCE,0,59485,10811,141072.0,597829.0,102,0.0
2021-04-06,FRANCE,0,60946,11196,141885.0,600285.0,102,0.0
2021-04-07,FRANCE,0,61479,11402,142726.0,604943.0,102,0.0
2021-04-08,FRANCE,0,60790,11353,143408.0,609066.0,102,0.0
2021-04-09,FRANCE,0,60331,11460,144006.0,612978.0,102,0.0
2021-04-10,FRANCE,0,60146,11485,144418.0,615890.0,102,0.0
2021-04-11,FRANCE,0,61017,11627,144766.0,617186.0,102,0.0
2021-04-12,FRANCE,0,62199,11783,145534.0,619464.0,102,0.0
2021-04-13,FRANCE,0,62134,11854,146178.0,623679.0,102,0.0
2021-04-14,FRANCE,0,61424,11754,146767.0,627862.0,102,0.0
2021-04-15,FRANCE,0,61046,11799,147356.0,631617.0,102,0.0
2021-04-16,FRANCE,0,60660,11785,147964.0,635374.0,102,0.0
2021-04-17,FRANCE,0,60365,11712,148339.0,638062.0,102,0.0
2021-04-18,FRANCE,0,61269,11742,148619.0,639022.0,102,0.0
2021-04-19,FRANCE,0,62118,11899,149510.0,641275.0,102,0.0
2021-04-20,FRANCE,0,61866,11926,150263.0,645451.0,102,0.0
2021-04-21,FRANCE,0,61597,11875,150885.0,649139.0,102,0.0
2021-04-22,FRANCE,0,60958,11921,151448.0,652834.0,102,0.0
2021-04-23,FRANCE,0,60574,11883,152052.0,656289.0,102,0.0
2021-04-24,FRANCE,0,59890,11873,152484.0,659143.0,102,0.0
2021-04-25,FRANCE,0,60257,11910,152773.0,660186.0,102,0.0
2021-04-26,FRANCE,0,60880,11957,153566.0,662577.0,102,0.0
2021-04-27,FRANCE,0,60252,11836,154213.0,666587.0,102,0.0
2021-04-28,FRANCE,0,59518,11714,154839.0,669983.0,102,0.0
2021-04-29,FRANCE,0,58682,11561,155446.0,673399.0,102,0.0
2021-04-30,FRANCE,0,57566,11303,155985.0,676687.0,102,0.0
2021-05-01,FRANCE,0,56915,11117,156368.0,679362.0,102,0.0
2021-05-02,FRANCE,0,57341,11127,156593.0,680282.0,102,0.0
2021-05-03,FRANCE,0,57604,11217,157210.0,682258.0,102,0.0
2021-05-04,FRANCE,0,56575,10970,157692.0,685869.0,102,0.0
2021-05-05,FRANCE,0,55099,10768,158176.0,689688.0,102,0.0
2021-05-06,FRANCE,0,53696,10424,158615.0,692843.0,102,0.0
2021-05-07,FRANCE,0,52408,10177,159067.0,695868.0,102,0.0
2021-05-08,FRANCE,0,51348,9977,159418.0,698208.0,102,0.0
2021-05-09,FRANCE,0,51343,9908,159648.0,699008.0,102,0.0
2021-05-10,FRANCE,0,51088,9709,160229.0,700840.0,102,0.0
2021-05-11,FRANCE,0,49818,9453,160699.0,703979.0,102,0.0
2021-05-12,FRANCE,0,48268,9137,161067.0,706952.0,102,0.0
2021-05-13,FRANCE,0,47075,8856,161328.0,709078.0,102,0.0
2021-05-14,FRANCE,0,46579,8677,161672.0,710616.0,102,0.0
2021-05-15,FRANCE,0,45669,8515,161895.0,712434.0,102,0.0
2021-05-16,FRANCE,0,45691,8483,162057.0,713061.0,102,0.0
2021-05-17,FRANCE,0,45262,8344,162447.0,714746.0,102,0.0
2021-05-18,FRANCE,0,43883,8001,162820.0,717613.0,102,0.0
2021-05-19,FRANCE,0,42469,7693,163102.0,720094.0,102,0.0
2021-05-20,FRANCE,0,41276,7507,163367.0,722350.0,102,0.0
2021-05-21,FRANCE,0,40201,7236,163585.0,724353.0,102,0.0
2021-05-22,FRANCE,0,39316,7062,163763.0,725929.0,102,0.0
2021-05-23,FRANCE,0,39224,7004,163903.0,726534.0,102,0.0
2021-05-24,FRANCE,0,39183,6966,164026.0,726948.0,102,0.0
2021-05-25,FRANCE,0,38645,6868,164422.0,728613.0,102,0.0
2021-05-26,FRANCE,0,36988,6635,164707.0,731208.0,102,0.0
2021-05-27,FRANCE,0,35691,6390,164990.0,733159.0,102,0.0
2021-05-28,FRANCE,0,34363,6189,165186.0,735322.0,102,0.0
2021-05-29,FRANCE,0,33518,6038,165322.0,736675.0,102,0.0
2021-05-30,FRANCE,0,33373,5969,165410.0,737123.0,102,0.0
2021-05-31,FRANCE,0,33021,5874,165661.0,738242.0,102,0.0
2021-06-01,FRANCE,0,32020,5637,165914.0,740075.0,102,0.0
2021-06-02,FRANCE,0,31127,5493,166105.0,741690.0,102,0.0
2021-06-03,FRANCE,0,30420,5339,166245.0,743130.0,102,0.0
2021-06-04,FRANCE,0,29462,5126,166407.0,744694.0,102,0.0
2021-06-05,FRANCE,0,28926,5034,166520.0,745616.0,102,0.0
2021-06-06,FRANCE,0,28912,5038,166570.0,745885.0,102,0.0
2021-06-07,FRANCE,0,28510,4928,166697.0,746866.0,102,0.0
2021-06-08,FRANCE,0,27835,4774,166840.0,748182.0,102,0.0
2021-06-09,FRANCE,0,26915,4640,166969.0,749727.0,102,0.0
2021-06-10,FRANCE,0,26047,4478,167104.0,750983.0,102,0.0
2021-06-11,FRANCE,0,25298,4315,167242.0,752220.0,102,0.0
2021-06-12,FRANCE,0,24868,4209,167310.0,752950.0,102,0.0
2021-06-13,FRANCE,0,24836,4201,167336.0,753153.0,102,0.0
2021-06-14,FRANCE,0,24627,4124,167461.0,753882.0,102,0.0
2021-06-15,FRANCE,0,23674,3894,167613.0,755233.0,102,0.0
2021-06-16,FRANCE,0,22929,3737,167701.0,756278.0,102,0.0
2021-06-17,FRANCE,0,22124,3589,167812.0,757393.0,102,0.0
2021-06-18,FRANCE,0,21375,3471,167912.0,758333.0,102,0.0
2021-06-19,FRANCE,0,20962,3397,167956.0,758858.0,102,0.0
2021-06-20,FRANCE,0,20936,3397,167984.0,758956.0,102,0.0
2021-06-21,FRANCE,0,20677,3301,168064.0,759550.0,102,0.0
2021-06-22,FRANCE,0,20002,3111,168166.0,760442.0,102,0.0
2021-06-23,FRANCE,0,19455,3009,168232.0,761234.0,102,0.0
2021-06-24,FRANCE,0,18699,2869,168320.0,762170.0,102,0.0
2021-06-25,FRANCE,0,18295,2769,168386.0,762778.0,102,0.0
2021-06-26,FRANCE,0,17963,2689,168410.0,763228.0,102,0.0
2021-06-27,FRANCE,0,17888,2681,168444.0,763353.0,102,0.0
2021-06-28,FRANCE,0,17608,2599,168532.0,763875.0,102,0.0
2021-06-29,FRANCE,0,17173,2489,168587.0,764512.0,102,0.0
2021-06-30,FRANCE,0,16822,2399,168636.0,765078.0,102,0.0
2021-07-01,FRANCE,0,16387,2315,168694.0,765648.0,102,0.0
2021-07-02,FRANCE,0,16013,2237,168742.0,766202.0,102,0.0
2021-07-03,FRANCE,0,15750,2196,168776.0,766530.0,102,0.0
2021-07-04,FRANCE,0,15752,2200,168794.0,766592.0,102,0.0
2021-07-05,FRANCE,0,15539,2144,168866.0,766991.0,102,0.0
2021-07-06,FRANCE,0,15203,2054,168934.0,767541.0,102,0.0
2021-07-07,FRANCE,0,15006,1984,168990.0,767942.0,102,0.0
2021-07-08,FRANCE,0,14701,1932,169040.0,768398.0,102,0.0
2021-07-09,FRANCE,0,14484,1896,169076.0,768857.0,102,0.0
2021-07-10,FRANCE,0,14301,1884,169114.0,769199.0,102,0.0
2021-07-11,FRANCE,0,14301,1884,169122.0,769237.0,102,0.0
2021-07-12,FRANCE,0,14209,1904,169178.0,769803.0,102,0.0
2021-07-13,FRANCE,0,14087,1857,169221.0,770363.0,102,0.0
2021-07-14,FRANCE,0,14030,1853,169232.0,770632.0,102,0.0
2021-07-15,FRANCE,0,14043,1820,169264.0,770988.0,102,0.0
2021-07-16,FRANCE,0,13878,1791,169307.0,771548.0,102,0.0
2021-07-17,FRANCE,0,13780,1773,169339.0,771830.0,102,0.0
2021-07-18,FRANCE,0,13808,1775,169349.0,771890.0,102,0.0
2021-07-19,FRANCE,0,14017,1796,169389.0,772357.0,102,0.0
2021-07-20,FRANCE,0,13766,1747,169455.0,773182.0,102,0.0
2021-07-21,FRANCE,0,13680,1713,169499.0,773749.0,102,0.0
2021-07-22,FRANCE,0,13605,1732,169521.0,774357.0,102,0.0
2021-07-23,FRANCE,0,13547,1740,169579.0,774982.0,102,0.0
2021-07-24,FRANCE,0,13515,1752,169623.0,775334.0,102,0.0
2021-07-25,FRANCE,0,13627,1767,169635.0,775391.0,102,0.0
2021-07-26,FRANCE,0,14091,1899,169722.0,776000.0,102,0.0
2021-07-27,FRANCE,0,14208,1951,169778.0,776929.0,102,0.0
2021-07-28,FRANCE,0,14350,1979,169864.0,777667.0,102,0.0
2021-07-29,FRANCE,0,14400,2026,169918.0,778496.0,102,0.0
2021-07-30,FRANCE,0,14650,2140,170037.0,779354.0,102,0.0
2021-07-31,FRANCE,0,14742,2193,170123.0,780082.0,102,0.0
2021-08-01,FRANCE,0,15083,2269,170159.0,780295.0,102,0.0
2021-08-02,FRANCE,0,15607,2459,170260.0,781025.0,102,0.0
2021-08-03,FRANCE,0,15875,2655,170372.0,782176.0,102,0.0
2021-08-04,FRANCE,0,16197,2738,170467.0,783162.0,102,0.0
2021-08-05,FRANCE,0,16346,2835,170565.0,784349.0,102,0.0
2021-08-06,FRANCE,0,16655,2908,170685.0,785547.0,102,0.0
2021-08-07,FRANCE,0,16767,3010,170749.0,786315.0,102,0.0
2021-08-08,FRANCE,0,17280,3101,170804.0,786715.0,102,0.0
2021-08-09,FRANCE,0,17955,3322,170940.0,787510.0,102,0.0
2021-08-10,FRANCE,0,18216,3412,171076.0,788890.0,102,0.0
2021-08-11,FRANCE,0,18378,3478,171182.0,790111.0,102,0.0
2021-08-12,FRANCE,0,18835,3604,171334.0,791202.0,102,0.0
2021-08-13,FRANCE,0,18997,3653,171483.0,792526.0,102,0.0
2021-08-14,FRANCE,0,19200,3666,171585.0,793378.0,102,0.0
2021-08-15,FRANCE,0,19497,3696,171673.0,793753.0,102,0.0
2021-08-16,FRANCE,0,20200,3804,171865.0,794707.0,102,0.0
2021-08-17,FRANCE,0,20339,3892,172084.0,796375.0,102,0.0
2021-08-18,FRANCE,0,20568,4094,172308.0,797919.0,102,0.0
2021-08-19,FRANCE,0,20682,4088,172561.0,799406.0,102,0.0
2021-08-20,FRANCE,0,20936,4171,172724.0,800724.0,102,0.0
2021-08-21,FRANCE,0,20832,4201,172981.0,802056.0,102,0.0
2021-08-22,FRANCE,0,21202,4243,173169.0,802521.0,102,0.0
2021-08-23,FRANCE,0,21912,4416,173386.0,803393.0,102,0.0
2021-08-24,FRANCE,0,22032,4432,173688.0,805096.0,102,0.0
2021-08-25,FRANCE,0,22241,4466,173873.0,806454.0,102,0.0
2021-08-26,FRANCE,0,22113,4510,174087.0,807783.0,102,0.0
2021-08-27,FRANCE,0,22231,4529,174277.0,809256.0,102,0.0
2021-08-28,FRANCE,0,22004,4506,174425.0,810212.0,102,0.0
2021-08-29,FRANCE,0,22082,4541,174531.0,810614.0,102,0.0
2021-08-30,FRANCE,0,22385,4566,174727.0,811498.0,102,0.0
2021-08-31,FRANCE,0,22143,4569,174994.0,813329.0,102,0.0
2021-09-01,FRANCE,0,22134,4572,175160.0,814589.0,102,0.0
2021-09-02,FRANCE,0,21764,4532,175364.0,816000.0,102,0.0
2021-09-03,FRANCE,0,21532,4500,175548.0,817225.0,102,0.0
2021-09-04,FRANCE,0,21211,4429,175713.0,818182.0,102,0.0
2021-09-05,FRANCE,0,21191,4416,175811.0,818537.0,102,0.0
2021-09-06,FRANCE,0,21415,4480,176015.0,819385.0,102,0.0
2021-09-07,FRANCE,0,21194,4500,176231.0,820827.0,102,0.0
2021-09-08,FRANCE,0,20785,4431,176431.0,822179.0,102,0.0
2021-09-09,FRANCE,0,20555,4373,176637.0,823282.0,102,0.0
2021-09-10,FRANCE,0,20138,4285,176796.0,824492.0,102,0.0
2021-09-11,FRANCE,0,19945,4246,176887.0,825212.0,102,0.0
2021-09-12,FRANCE,0,19932,4242,176945.0,825535.0,102,0.0
2021-09-13,FRANCE,0,19881,4190,177116.0,826280.0,102,0.0
2021-09-14,FRANCE,0,19386,3985,177303.0,827700.0,102,0.0
2021-09-15,FRANCE,0,19015,3903,177457.0,828778.0,102,0.0
2021-09-16,FRANCE,0,18505,3889,177587.0,829819.0,102,0.0
2021-09-17,FRANCE,0,18052,3767,177719.0,830824.0,102,0.0
2021-09-18,FRANCE,0,17738,3658,177803.0,831501.0,102,0.0
2021-09-19,FRANCE,0,17685,3648,177859.0,831712.0,102,0.0
2021-09-20,FRANCE,0,17602,3593,177901.0,832348.0,102,0.0
2021-09-21,FRANCE,0,17107,3471,178205.0,833480.0,102,0.0
2021-09-22,FRANCE,0,16744,3295,178321.0,834402.0,102,0.0
2021-09-23,FRANCE,0,16389,3204,178444.0,835194.0,102,0.0
2021-09-24,FRANCE,0,16130,3160,178542.0,835938.0,102,0.0
2021-09-25,FRANCE,0,15877,3130,178600.0,836504.0,102,0.0
2021-09-26,FRANCE,0,15905,3142,178628.0,836622.0,102,0.0
2021-09-27,FRANCE,0,15878,3131,178776.0,837170.0,102,0.0
2021-09-28,FRANCE,0,15519,3038,178890.0,837964.0,102,0.0
2021-09-29,FRANCE,0,15371,2922,178973.0,838539.0,102,0.0
2021-09-30,FRANCE,0,15051,2817,179085.0,839196.0,102,0.0
2021-10-01,FRANCE,0,14744,2698,179177.0,839821.0,102,0.0
2021-10-02,FRANCE,0,14513,2639,179237.0,840236.0,102,0.0
2021-10-03,FRANCE,0,14541,2641,179255.0,840340.0,102,0.0
2021-10-04,FRANCE,0,14522,2644,179355.0,840804.0,102,0.0
2021-10-05,FRANCE,0,14115,2545,179476.0,841677.0,102,0.0
2021-10-06,FRANCE,0,14001,2471,179543.0,842110.0,102,0.0
2021-10-07,FRANCE,0,13731,2386,179611.0,842654.0,102,0.0
2021-10-08,FRANCE,0,13535,2314,179687.0,843197.0,102,0.0
2021-10-09,FRANCE,0,13340,2241,179717.0,843616.0,102,0.0
2021-10-10,FRANCE,0,13402,2251,179733.0,843718.0,102,0.0
2021-10-11,FRANCE,0,13388,2277,179793.0,844111.0,102,0.0
2021-10-12,FRANCE,0,13185,2205,179898.0,844675.0,102,0.0
2021-10-13,FRANCE,0,13130,2167,179944.0,845111.0,102,0.0
2021-10-14,FRANCE,0,12972,2134,180020.0,845563.0,102,0.0
2021-10-15,FRANCE,0,12865,2087,180087.0,846019.0,102,0.0
2021-10-16,FRANCE,0,12802,2085,180115.0,846265.0,102,0.0
2021-10-17,FRANCE,0,12830,2092,180125.0,846366.0,102,0.0
2021-10-18,FRANCE,0,12868,2083,180206.0,846778.0,102,0.0
2021-10-19,FRANCE,0,12898,2079,180284.0,847212.0,102,0.0
2021-10-20,FRANCE,0,12863,2040,180326.0,847698.0,102,0.0
2021-10-21,FRANCE,0,12837,2007,180396.0,848177.0,102,0.0
2021-10-22,FRANCE,0,12735,2011,180454.0,848643.0,102,0.0
2021-10-23,FRANCE,0,12631,2005,180500.0,849043.0,102,0.0
2021-10-24,FRANCE,0,12688,2027,180508.0,849102.0,102,0.0
2021-10-25,FRANCE,0,12742,2036,180590.0,849476.0,102,0.0
2021-10-26,FRANCE,0,12818,2086,180666.0,849922.0,102,0.0
2021-10-27,FRANCE,0,12906,2065,180733.0,850286.0,102,0.0
2021-10-28,FRANCE,0,13006,2063,180799.0,850675.0,102,0.0
2021-10-29,FRANCE,0,12993,2059,180853.0,851182.0,102,0.0
2021-10-30,FRANCE,0,12974,2069,180897.0,851499.0,102,0.0
2021-10-31,FRANCE,0,13071,2082,180921.0,851585.0,102,0.0
2021-11-01,FRANCE,0,13202,2128,180933.0,851645.0,102,0.0
2021-11-02,FRANCE,0,13287,2173,181081.0,852204.0,102,0.0
2021-11-03,FRANCE,0,13456,2183,181159.0,852814.0,102,0.0
2021-11-04,FRANCE,0,13364,2189,181253.0,853463.0,102,0.0
2021-11-05,FRANCE,0,13396,2168,181305.0,854027.0,102,0.0
2021-11-06,FRANCE,0,13255,2187,181355.0,854488.0,102,0.0
2021-11-07,FRANCE,0,13334,2191,181375.0,854568.0,102,0.0
2021-11-08,FRANCE,0,13648,2271,181485.0,855084.0,102,0.0
2021-11-09,FRANCE,0,13617,2267,181573.0,855819.0,102,0.0
2021-11-10,FRANCE,0,13729,2295,181639.0,856416.0,102,0.0
2021-11-11,FRANCE,0,13820,2278,181673.0,856701.0,102,0.0
2021-11-12,FRANCE,0,14010,2352,181769.0,857126.0,102,0.0
2021-11-13,FRANCE,0,14018,2392,181801.0,857521.0,102,0.0
2021-11-14,FRANCE,0,14137,2408,181835.0,857617.0,102,0.0
2021-11-15,FRANCE,0,14635,2501,181974.0,858188.0,102,0.0
2021-11-16,FRANCE,0,14982,2541,182066.0,858991.0,102,0.0
2021-11-17,FRANCE,0,15233,2587,182166.0,859675.0,102,0.0
2021-11-18,FRANCE,0,15479,2652,182270.0,860326.0,102,0.0
2021-11-19,FRANCE,0,15785,2691,182370.0,860980.0,102,0.0
2021-11-20,FRANCE,0,15857,2651,182416.0,861385.0,102,0.0
2021-11-21,FRANCE,0,15984,2663,182446.0,861537.0,102,0.0
2021-11-22,FRANCE,0,16583,2798,182632.0,862452.0,102,0.0
2021-11-23,FRANCE,0,16958,2896,182796.0,863355.0,102,0.0
2021-11-24,FRANCE,0,17434,2950,182956.0,864195.0,102,0.0
2021-11-25,FRANCE,0,17866,2983,183099.0,865140.0,102,0.0
2021-11-26,FRANCE,0,18266,3113,183218.0,866066.0,102,0.0
2021-11-27,FRANCE,0,18449,3221,183286.0,866564.0,102,0.0
2021-11-28,FRANCE,0,18665,3251,183331.0,866748.0,102,0.0
2021-11-29,FRANCE,0,19620,3486,183537.0,867565.0,102,0.0
2021-11-30,FRANCE,0,20399,3634,183765.0,868868.0,102,0.0
2021-12-01,FRANCE,0,21007,3758,183950.0,870026.0,102,0.0
2021-12-02,FRANCE,0,21474,3855,184154.0,871212.0,102,0.0
2021-12-03,FRANCE,0,22098,4105,184379.0,872566.0,102,0.0
2021-12-04,FRANCE,0,22560,4061,184477.0,873355.0,102,0.0
2021-12-05,FRANCE,0,22925,4117,184534.0,873651.0,102,0.0
2021-12-06,FRANCE,0,24065,4366,184915.0,874938.0,102,0.0
2021-12-07,FRANCE,0,25295,4681,185242.0,876589.0,102,0.0
2021-12-08,FRANCE,0,25960,4832,185499.0,878178.0,102,0.0
2021-12-09,FRANCE,0,26599,4905,185751.0,879717.0,102,0.0
2021-12-10,FRANCE,0,27139,4979,186030.0,881371.0,102,0.0
2021-12-11,FRANCE,0,27594,5061,186159.0,882302.0,102,0.0
2021-12-12,FRANCE,0,27980,5186,186255.0,882739.0,102,0.0
2021-12-13,FRANCE,0,28928,5488,186715.0,884281.0,102,0.0
2021-12-14,FRANCE,0,29522,5571,187029.0,886604.0,102,0.0
2021-12-15,FRANCE,0,30000,5668,187332.0,888598.0,102,0.0
2021-12-16,FRANCE,0,30156,5644,187662.0,890701.0,102,0.0
2021-12-17,FRANCE,0,30693,5779,187982.0,892683.0,102,0.0
2021-12-18,FRANCE,0,30613,5843,188152.0,894155.0,102,0.0
2021-12-19,FRANCE,0,30929,5852,188302.0,894627.0,102,0.0
2021-12-20,FRANCE,0,31713,6033,188746.0,896305.0,102,0.0
2021-12-21,FRANCE,0,32024,6171,189165.0,898786.0,102,0.0
2021-12-22,FRANCE,0,32100,6270,189503.0,901079.0,102,0.0
2021-12-23,FRANCE,0,31985,6392,189861.0,903484.0,102,0.0
2021-12-24,FRANCE,0,32210,6487,190195.0,905649.0,102,0.0
2021-12-25,FRANCE,0,32190,6540,190363.0,906968.0,102,0.0
2021-12-26,FRANCE,0,32591,6575,190554.0,907336.0,102,0.0
2021-12-27,FRANCE,0,33691,6643,191065.0,908902.0,102,0.0
2021-12-28,FRANCE,0,34650,6807,191546.0,911485.0,102,0.0
2021-12-29,FRANCE,0,35543,6912,191914.0,914063.0,102,0.0
2021-12-30,FRANCE,0,36480,6985,192273.0,916515.0,102,0.0
2021-12-31,FRANCE,0,37265,7060,192650.0,919072.0,102,0.0
2022-01-01,FRANCE,0,37446,7093,192870.0,920787.0,102,0.0
2022-01-02,FRANCE,0,37908,7117,193051.0,921405.0,102,0.0
2022-01-03,FRANCE,0,39036,7280,193589.0,923965.0,102,0.0
2022-01-04,FRANCE,0,40189,7306,194172.0,927864.0,102,0.0
2022-01-05,FRANCE,0,41175,7365,194662.0,931243.0,102,0.0
2022-01-06,FRANCE,0,42120,7489,195070.0,934583.0,102,0.0
2022-01-07,FRANCE,0,42987,7605,195455.0,937805.0,102,0.0
2022-01-08,FRANCE,0,43205,7613,195739.0,940260.0,102,0.0
2022-01-09,FRANCE,0,43719,7663,195919.0,941180.0,102,0.0
2022-01-10,FRANCE,0,45245,7770,196474.0,944014.0,102,0.0
2022-01-11,FRANCE,0,46479,7905,197010.0,948410.0,102,0.0
2022-01-12,FRANCE,0,47505,7936,197502.0,952337.0,102,0.0
2022-01-13,FRANCE,0,48019,7845,197948.0,956268.0,102,0.0
2022-01-14,FRANCE,0,48718,7754,198329.0,960041.0,102,0.0
2022-01-15,FRANCE,0,48770,7668,198624.0,962979.0,102,0.0
2022-01-16,FRANCE,0,49448,7666,198819.0,964111.0,102,0.0
2022-01-17,FRANCE,0,51218,7783,199409.0,967199.0,102,0.0
2022-01-18,FRANCE,0,52699,7721,199981.0,972014.0,102,0.0
2022-01-19,FRANCE,0,54096,7665,200440.0,976423.0,102,0.0
2022-01-20,FRANCE,0,55497,7649,200929.0,980532.0,102,0.0
2022-01-21,FRANCE,0,56530,7546,201394.0,985002.0,102,0.0
2022-01-22,FRANCE,0,56599,7457,201727.0,988403.0,102,0.0
2022-01-23,FRANCE,0,57236,7486,201957.0,989666.0,102,0.0
2022-01-24,FRANCE,0,59045,7519,202739.0,993575.0,102,0.0
2022-01-25,FRANCE,0,59920,7446,203460.0,999449.0,102,0.0
2022-01-26,FRANCE,0,60769,7384,203970.0,1004555.0,102,0.0
2022-01-27,FRANCE,0,61480,7352,204505.0,1009316.0,102,0.0
2022-01-28,FRANCE,0,62038,7276,205030.0,1014263.0,102,0.0
2022-01-29,FRANCE,0,62052,7231,205385.0,1017672.0,102,0.0
2022-01-30,FRANCE,0,62567,7245,205639.0,1019051.0,102,0.0
2022-01-31,FRANCE,0,64252,7367,206328.0,1022873.0,102,0.0
2022-02-01,FRANCE,0,65287,7471,207085.0,1028680.0,102,0.0
2022-02-02,FRANCE,0,64924,7369,207635.0,1034550.0,102,0.0
2022-02-03,FRANCE,0,65185,7253,208159.0,1038459.0,102,0.0
2022-02-04,FRANCE,0,65492,7201,208866.0,1045413.0,102,0.0
2022-02-05,FRANCE,0,65244,7175,209204.0,1048861.0,102,0.0
2022-02-06,FRANCE,0,65562,7118,209459.0,1050046.0,102,0.0
2022-02-07,FRANCE,0,66417,7205,210289.0,1053962.0,102,0.0
2022-02-08,FRANCE,0,66233,7073,211009.0,1059452.0,102,0.0
2022-02-09,FRANCE,0,65297,6969,211513.0,1064946.0,102,0.0
2022-02-10,FRANCE,0,64391,6793,212129.0,1069921.0,102,0.0
2022-02-11,FRANCE,0,63410,6701,212664.0,1074983.0,102,0.0
2022-02-12,FRANCE,0,62567,6604,212984.0,1078097.0,102,0.0
2022-02-13,FRANCE,0,62763,6567,213196.0,1079027.0,102,0.0
2022-02-14,FRANCE,0,62602,6548,213957.0,1082729.0,102,0.0
2022-02-15,FRANCE,0,61710,6427,214556.0,1087777.0,102,0.0
2022-02-16,FRANCE,0,60683,6210,215037.0,1092168.0,102,0.0
2022-02-17,FRANCE,0,59232,6068,215550.0,1096797.0,102,0.0
2022-02-18,FRANCE,0,57956,5903,216093.0,1101009.0,102,0.0
2022-02-19,FRANCE,0,56821,5795,216386.0,1103726.0,102,0.0
2022-02-20,FRANCE,0,56843,5804,216544.0,1104521.0,102,0.0
2022-02-21,FRANCE,0,56351,5768,217106.0,1107535.0,102,0.0
2022-02-22,FRANCE,0,54742,5642,217673.0,1112156.0,102,0.0
2022-02-23,FRANCE,0,53378,5468,218096.0,1116202.0,102,0.0
2022-02-24,FRANCE,0,51859,5278,218488.0,1119929.0,102,0.0
2022-02-25,FRANCE,0,50608,5060,218864.0,1123348.0,102,0.0
2022-02-26,FRANCE,0,50168,4936,219045.0,1124995.0,102,0.0
2022-02-27,FRANCE,0,50189,4950,219149.0,1125614.0,102,0.0
2022-02-28,FRANCE,0,49813,4881,219610.0,1127896.0,102,0.0
2022-03-01,FRANCE,0,48538,4787,220005.0,1131364.0,102,0.0
2022-03-02,FRANCE,0,47357,4630,220333.0,1134641.0,102,0.0
2022-03-03,FRANCE,0,46043,4435,220664.0,1137585.0,102,0.0
2022-03-04,FRANCE,0,44987,4279,220970.0,1140285.0,102,0.0
2022-03-05,FRANCE,0,44094,4124,221183.0,1142022.0,102,0.0
2022-03-06,FRANCE,0,44208,4132,221247.0,1142347.0,102,0.0
2022-03-07,FRANCE,0,44128,4152,221587.0,1144554.0,102,0.0
2022-03-08,FRANCE,0,43519,4046,221916.0,1147322.0,102,0.0
2022-03-09,FRANCE,0,42747,3902,222186.0,1150039.0,102,0.0
2022-03-10,FRANCE,0,42302,3835,222386.0,1152460.0,102,0.0
2022-03-11,FRANCE,0,41773,3729,222652.0,1154866.0,102,0.0
2022-03-12,FRANCE,0,41442,3692,222754.0,1156157.0,102,0.0
2022-03-13,FRANCE,0,41553,3688,222812.0,1156537.0,102,0.0
2022-03-14,FRANCE,0,41563,3632,223132.0,1158778.0,102,0.0
2022-03-15,FRANCE,0,41551,3546,223420.0,1161514.0,102,0.0
2022-03-16,FRANCE,0,41218,3438,223710.0,1164061.0,102,0.0
2022-03-17,FRANCE,0,40928,3371,223922.0,1166410.0,102,0.0
2022-03-18,FRANCE,0,40744,3329,224123.0,1168649.0,102,0.0
2022-03-19,FRANCE,0,40581,3271,224231.0,1169891.0,102,0.0
2022-03-20,FRANCE,0,40834,3266,224285.0,1170217.0,102,0.0
2022-03-21,FRANCE,0,41115,3248,224586.0,1172364.0,102,0.0
2022-03-22,FRANCE,0,41184,3191,224846.0,1174990.0,102,0.0
2022-03-23,FRANCE,0,41008,3113,225026.0,1177678.0,102,0.0
2022-03-24,FRANCE,0,40997,3031,225250.0,1180097.0,102,0.0
2022-03-25,FRANCE,0,40919,2963,225473.0,1182856.0,102,0.0
2022-03-26,FRANCE,0,40755,2946,225591.0,1184131.0,102,0.0
2022-03-27,FRANCE,0,40899,2956,225641.0,1184499.0,102,0.0
2022-03-28,FRANCE,0,41832,3051,225938.0,1186573.0,102,0.0
2022-03-29,FRANCE,0,42288,3063,226207.0,1189559.0,102,0.0
2022-03-30,FRANCE,0,43067,3081,226470.0,1192182.0,102,0.0
2022-03-31,FRANCE,0,43538,3090,226710.0,1194888.0,102,0.0
2022-04-01,FRANCE,0,43820,3060,226960.0,1197650.0,102,0.0
2022-04-02,FRANCE,0,43907,3032,227074.0,1199344.0,102,0.0
2022-04-03,FRANCE,0,44179,3065,227122.0,1199692.0,102,0.0
2022-04-04,FRANCE,0,45346,3069,227413.0,1202197.0,102,0.0
2022-04-05,FRANCE,0,45686,3090,227667.0,1205524.0,102,0.0
2022-04-06,FRANCE,0,45726,3108,227899.0,1209120.0,102,0.0
2022-04-07,FRANCE,0,46244,3130,228089.0,1211809.0,102,0.0
2022-04-08,FRANCE,0,46508,3097,228337.0,1215020.0,102,0.0
2022-04-09,FRANCE,0,46646,3075,228485.0,1216893.0,102,0.0
2022-04-10,FRANCE,0,46948,3113,228541.0,1217331.0,102,0.0
2022-04-11,FRANCE,0,48093,3164,228891.0,1219952.0,102,0.0
2022-04-12,FRANCE,0,49074,3275,229201.0,1223765.0,102,0.0
2022-04-13,FRANCE,0,49223,3284,229467.0,1227417.0,102,0.0
2022-04-14,FRANCE,0,49323,3283,229711.0,1230672.0,102,0.0
2022-04-15,FRANCE,0,49472,3288,229997.0,1234012.0,102,0.0
2022-04-16,FRANCE,0,49442,3244,230087.0,1235679.0,102,0.0
2022-04-17,FRANCE,0,49498,3255,230145.0,1236179.0,102,0.0
2022-04-18,FRANCE,0,49630,3252,230233.0,1236610.0,102,0.0
2022-04-19,FRANCE,0,50201,3345,230594.0,1239989.0,102,0.0
2022-04-20,FRANCE,0,50004,3336,231035.0,1244616.0,102,0.0
2022-04-21,FRANCE,0,49683,3350,231367.0,1248189.0,102,0.0
2022-04-22,FRANCE,0,49414,3273,231645.0,1251747.0,102,0.0
2022-04-23,FRANCE,0,49334,3257,231762.0,1253492.0,102,0.0
2022-04-24,FRANCE,0,49431,3266,231828.0,1254053.0,102,0.0
2022-04-25,FRANCE,0,49625,3306,232216.0,1257096.0,102,0.0
2022-04-26,FRANCE,0,49079,3320,232548.0,1260994.0,102,0.0
2022-04-27,FRANCE,0,48516,3301,232838.0,1264326.0,102,0.0
2022-04-28,FRANCE,0,47923,3243,233070.0,1267408.0,102,0.0
2022-04-29,FRANCE,0,46833,3169,233366.0,1270768.0,102,0.0
2022-04-30,FRANCE,0,46278,3111,233470.0,1272211.0,102,0.0
2022-05-01,FRANCE,0,46329,3101,233514.0,1272521.0,102,0.0
2022-05-02,FRANCE,0,46097,3011,233868.0,1275227.0,102,0.0
2022-05-03,FRANCE,0,45378,2985,234106.0,1278523.0,102,0.0
2022-05-04,FRANCE,0,44330,2920,234309.0,1281253.0,102,0.0
2022-05-05,FRANCE,0,43455,2885,234538.0,1284051.0,102,0.0
2022-05-06,FRANCE,0,42259,2808,234742.0,1285536.0,102,0.0
2022-05-07,FRANCE,0,41636,2786,234857.0,1288434.0,102,0.0
2022-05-08,FRANCE,0,41586,2798,234943.0,1288762.0,102,0.0
2022-05-09,FRANCE,0,41392,2753,235203.0,1290749.0,102,0.0
2022-05-10,FRANCE,0,40727,2721,235446.0,1293435.0,102,0.0
2022-05-11,FRANCE,0,40031,2651,235620.0,1295901.0,102,0.0
2022-05-12,FRANCE,0,39246,2577,235788.0,1298132.0,102,0.0
2022-05-13,FRANCE,0,38264,2459,235975.0,1300339.0,102,0.0
2022-05-14,FRANCE,0,37524,2419,236101.0,1301700.0,102,0.0
2022-05-15,FRANCE,0,37590,2421,236129.0,1301885.0,102,0.0
2022-05-16,FRANCE,0,37211,2389,236379.0,1303767.0,102,0.0
2022-05-17,FRANCE,0,36305,2337,236559.0,1306176.0,102,0.0
2022-05-18,FRANCE,0,35496,2290,236714.0,1308119.0,102,0.0
2022-05-19,FRANCE,0,34800,2221,236840.0,1309819.0,102,0.0
2022-05-20,FRANCE,0,34027,2183,236963.0,1311598.0,102,0.0
2022-05-21,FRANCE,0,33621,2163,237046.0,1312468.0,102,0.0
2022-05-22,FRANCE,0,33633,2155,237062.0,1312600.0,102,0.0
2022-05-23,FRANCE,0,33331,2140,237225.0,1313955.0,102,0.0
2022-05-24,FRANCE,0,32783,2134,237401.0,1315616.0,102,0.0
2022-05-25,FRANCE,0,32028,2076,237494.0,1317423.0,102,0.0
2022-05-26,FRANCE,0,31794,2058,237547.0,1318136.0,102,0.0
2022-05-27,FRANCE,0,31389,2040,237634.0,1319265.0,102,0.0
2022-05-28,FRANCE,0,31070,2035,237680.0,1319857.0,102,0.0
2022-05-29,FRANCE,0,31058,2019,237706.0,1319979.0,102,0.0
2022-05-30,FRANCE,0,30747,1976,237876.0,1321322.0,102,0.0
2022-05-31,FRANCE,0,30015,1898,238026.0,1323104.0,102,0.0
2022-06-01,FRANCE,0,29481,1851,238135.0,1324433.0,102,0.0
2022-06-02,FRANCE,0,29063,1845,238217.0,1325656.0,102,0.0
2022-06-03,FRANCE,0,28618,1827,238287.0,1326775.0,102,0.0
2022-06-04,FRANCE,0,28332,1827,238348.0,1327388.0,102,0.0
2022-06-05,FRANCE,0,28354,1821,238362.0,1327500.0,102,0.0
2022-06-06,FRANCE,0,28388,1807,238380.0,1327601.0,102,0.0
2022-06-07,FRANCE,0,28336,1783,238525.0,1328895.0,102,0.0
2022-06-08,FRANCE,0,28160,1780,238678.0,1330386.0,102,0.0
2022-06-09,FRANCE,0,28095,1742,238756.0,1331548.0,102,0.0
2022-06-10,FRANCE,0,27839,1728,238832.0,1332708.0,102,0.0
2022-06-11,FRANCE,0,27906,1741,238868.0,1333231.0,102,0.0
2022-06-12,FRANCE,0,27944,1733,238878.0,1333338.0,102,0.0
2022-06-13,FRANCE,0,28035,1722,239012.0,1334411.0,102,0.0
2022-06-14,FRANCE,0,27922,1700,239126.0,1335721.0,102,0.0
2022-06-15,FRANCE,0,27589,1685,239220.0,1337076.0,102,0.0
2022-06-16,FRANCE,0,27593,1682,239316.0,1338120.0,102,0.0
2022-06-17,FRANCE,0,27551,1680,239402.0,1339346.0,102,0.0
2022-06-18,FRANCE,0,27514,1648,239435.0,1339931.0,102,0.0
2022-06-19,FRANCE,0,27623,1650,239439.0,1340043.0,102,0.0
2022-06-20,FRANCE,0,28141,1688,239528.0,1341209.0,102,0.0
2022-06-21,FRANCE,0,28427,1674,239638.0,1342416.0,102,0.0
2022-06-22,FRANCE,0,28591,1682,239766.0,1344118.0,102,0.0
2022-06-23,FRANCE,0,28769,1674,239846.0,1345510.0,102,0.0
2022-06-24,FRANCE,0,28875,1653,239945.0,1347072.0,102,0.0
2022-06-25,FRANCE,0,28907,1628,239989.0,1347874.0,102,0.0
2022-06-26,FRANCE,0,29048,1636,240007.0,1348021.0,102,0.0
2022-06-27,FRANCE,0,29967,1751,240101.0,1349426.0,102,0.0
2022-06-28,FRANCE,0,30753,1787,240175.0,1351064.0,102,0.0
2022-06-29,FRANCE,0,31145,1819,240269.0,1352772.0,102,0.0
2022-06-30,FRANCE,0,31428,1853,240351.0,1354408.0,102,0.0
2022-07-01,FRANCE,0,31975,1911,240453.0,1356140.0,102,0.0
2022-07-02,FRANCE,0,32196,1893,240512.0,1357107.0,102,0.0
2022-07-03,FRANCE,0,32305,1897,240538.0,1357389.0,102,0.0
2022-07-04,FRANCE,0,33027,1948,240728.0,1359586.0,102,0.0
2022-07-05,FRANCE,0,33818,2000,240878.0,1362217.0,102,0.0
2022-07-06,FRANCE,0,34722,2045,240970.0,1364346.0,102,0.0
2022-07-07,FRANCE,0,35164,2064,241139.0,1366712.0,102,0.0
2022-07-08,FRANCE,0,35586,2047,241287.0,1369257.0,102,0.0
2022-07-09,FRANCE,0,35558,2073,241355.0,1370710.0,102,0.0
2022-07-10,FRANCE,0,35683,2083,241385.0,1371059.0,102,0.0
2022-07-11,FRANCE,0,36892,2206,241601.0,1373137.0,102,0.0
2022-07-12,FRANCE,0,37991,2308,241847.0,1376434.0,102,0.0
2022-07-13,FRANCE,0,38819,2360,242053.0,1379309.0,102,0.0
2022-07-14,FRANCE,0,38940,2349,242151.0,1380892.0,102,0.0
2022-07-15,FRANCE,0,39521,2401,242356.0,1382792.0,102,0.0
2022-07-16,FRANCE,0,39679,2427,242474.0,1384304.0,102,0.0
2022-07-17,FRANCE,0,39908,2443,242508.0,1384571.0,102,0.0
2022-07-18,FRANCE,0,40696,2535,242855.0,1387439.0,102,0.0
2022-07-19,FRANCE,0,41421,2638,243141.0,1390952.0,102,0.0
2022-07-20,FRANCE,0,41632,2589,243357.0,1393873.0,102,0.0
2022-07-21,FRANCE,0,41367,2600,243613.0,1397055.0,102,0.0
2022-07-22,FRANCE,0,41155,2598,243819.0,1400111.0,102,0.0
2022-07-23,FRANCE,0,41086,2549,243910.0,1401485.0,102,0.0
2022-07-24,FRANCE,0,41188,2535,243947.0,1401787.0,102,0.0
2022-07-25,FRANCE,0,41706,2560,244206.0,1404273.0,102,0.0
2022-07-26,FRANCE,0,41490,2624,244442.0,1407753.0,102,0.0
2022-07-27,FRANCE,0,40959,2497,244632.0,1410887.0,102,0.0
2022-07-28,FRANCE,0,40604,2407,244838.0,1413406.0,102,0.0
2022-07-29,FRANCE,0,40069,2381,244997.0,1415862.0,102,0.0
2022-07-30,FRANCE,0,39771,2379,245100.0,1417303.0,102,0.0
2022-07-31,FRANCE,0,39829,2381,245132.0,1417541.0,102,0.0
2022-08-01,FRANCE,0,39760,2401,245374.0,1419646.0,102,0.0
2022-08-02,FRANCE,0,39230,2350,245573.0,1422503.0,102,0.0
2022-08-03,FRANCE,0,38429,2291,245739.0,1425079.0,102,0.0
2022-08-04,FRANCE,0,37951,2291,245909.0,1427328.0,102,0.0
2022-08-05,FRANCE,0,37257,2272,246060.0,1429518.0,102,0.0
2022-08-06,FRANCE,0,36988,2280,246130.0,1430571.0,102,0.0
2022-08-07,FRANCE,0,37035,2282,246150.0,1430715.0,102,0.0
2022-08-08,FRANCE,0,36960,2230,246368.0,1432519.0,102,0.0
2022-08-09,FRANCE,0,36013,2173,246590.0,1435243.0,102,0.0
2022-08-10,FRANCE,0,35140,2105,246749.0,1437556.0,102,0.0
2022-08-11,FRANCE,0,34730,2085,246909.0,1439365.0,102,0.0
2022-08-12,FRANCE,0,34217,2066,247047.0,1441118.0,102,0.0
2022-08-13,FRANCE,0,33849,2009,247119.0,1441968.0,102,0.0
2022-08-14,FRANCE,0,33896,2015,247155.0,1442069.0,102,0.0
2022-08-15,FRANCE,0,33958,2021,247169.0,1442219.0,102,0.0
2022-08-16,FRANCE,0,33704,2009,247394.0,1444110.0,102,0.0
2022-08-17,FRANCE,0,33369,1994,247577.0,1446137.0,102,0.0
2022-08-18,FRANCE,0,32558,1954,247755.0,1448171.0,102,0.0
2022-08-19,FRANCE,0,31946,1913,247899.0,1449937.0,102,0.0
2022-08-20,FRANCE,0,31603,1895,247973.0,1450824.0,102,0.0
2022-08-21,FRANCE,0,31635,1879,247979.0,1450914.0,102,0.0
2022-08-22,FRANCE,0,31601,1830,248104.0,1452146.0,102,0.0
2022-08-23,FRANCE,0,31068,1736,248279.0,1453811.0,102,0.0
2022-08-24,FRANCE,0,30817,1700,248383.0,1455115.0,102,0.0
2022-08-25,FRANCE,0,30544,1705,248468.0,1456335.0,102,0.0
2022-08-26,FRANCE,0,30190,1685,248567.0,1457561.0,102,0.0
2022-08-27,FRANCE,0,29937,1666,248605.0,1458080.0,102,0.0
2022-08-28,FRANCE,0,29995,1676,248619.0,1458185.0,102,0.0
2022-08-29,FRANCE,0,29585,1690,248774.0,1459398.0,102,0.0
2022-08-30,FRANCE,0,29152,1702,248916.0,1460892.0,102,0.0
2022-08-31,FRANCE,0,28735,1671,249015.0,1462122.0,102,0.0
2022-09-01,FRANCE,0,28547,1623,249091.0,1463136.0,102,0.0
2022-09-02,FRANCE,0,28079,1592,249201.0,1464354.0,102,0.0
2022-09-03,FRANCE,0,27787,1578,249225.0,1464849.0,102,0.0
2022-09-04,FRANCE,0,27797,1580,249231.0,1464925.0,102,0.0
2022-09-05,FRANCE,0,27671,1565,249365.0,1466037.0,102,0.0
2022-09-06,FRANCE,0,27364,1557,249485.0,1467321.0,102,0.0
2022-09-07,FRANCE,0,27100,1580,249566.0,1468396.0,102,0.0
2022-09-08,FRANCE,0,26627,1535,249677.0,1469570.0,102,0.0
2022-09-09,FRANCE,0,26348,1479,249739.0,1470479.0,102,0.0
2022-09-10,FRANCE,0,26249,1485,249767.0,1470846.0,102,0.0
2022-09-11,FRANCE,0,26247,1477,249775.0,1470922.0,102,0.0
2022-09-12,FRANCE,0,26144,1445,249855.0,1471940.0,102,0.0
2022-09-13,FRANCE,0,25911,1449,249951.0,1473148.0,102,0.0
2022-09-14,FRANCE,0,25728,1455,250015.0,1474094.0,102,0.0
2022-09-15,FRANCE,0,25778,1469,250078.0,1474894.0,102,0.0
2022-09-16,FRANCE,0,25656,1450,250130.0,1475794.0,102,0.0
2022-09-17,FRANCE,0,25663,1451,250147.0,1476148.0,102,0.0
2022-09-18,FRANCE,0,25662,1445,250149.0,1476238.0,102,0.0
2022-09-19,FRANCE,0,25686,1400,250265.0,1477346.0,102,0.0
2022-09-20,FRANCE,0,25579,1401,250361.0,1478524.0,102,0.0
2022-09-21,FRANCE,0,25498,1392,250425.0,1479478.0,102,0.0
2022-09-22,FRANCE,0,25602,1409,250480.0,1480362.0,102,0.0
2022-09-23,FRANCE,0,25709,1395,250545.0,1481258.0,102,0.0
2022-09-24,FRANCE,0,25667,1421,250571.0,1481722.0,102,0.0
2022-09-25,FRANCE,0,25741,1415,250577.0,1481792.0,102,0.0
2022-09-26,FRANCE,0,26489,1461,250679.0,1482697.0,102,0.0
2022-09-27,FRANCE,0,27314,1516,250759.0,1483808.0,102,0.0
2022-09-28,FRANCE,0,27800,1562,250832.0,1484992.0,102,0.0
2022-09-29,FRANCE,0,28287,1572,250896.0,1486105.0,102,0.0
2022-09-30,FRANCE,0,28873,1614,250954.0,1487125.0,102,0.0
2022-10-01,FRANCE,0,29064,1639,250988.0,1487690.0,102,0.0
2022-10-02,FRANCE,0,29170,1639,250996.0,1487794.0,102,0.0
2022-10-03,FRANCE,0,30087,1679,251119.0,1489081.0,102,0.0
2022-10-04,FRANCE,0,30818,1687,251266.0,1490850.0,102,0.0
2022-10-05,FRANCE,0,31639,1714,251347.0,1492338.0,102,0.0
2022-10-06,FRANCE,0,32583,1807,251437.0,1493727.0,102,0.0
2022-10-07,FRANCE,0,33300,1758,251538.0,1495313.0,102,0.0
2022-10-08,FRANCE,0,33448,1768,251588.0,1496043.0,102,0.0
2022-10-09,FRANCE,0,33570,1772,251600.0,1496219.0,102,0.0
2022-10-10,FRANCE,0,34518,1847,251758.0,1497840.0,102,0.0
2022-10-11,FRANCE,0,35509,1880,251902.0,1500095.0,102,0.0
2022-10-12,FRANCE,0,36059,1874,252011.0,1501852.0,102,0.0
2022-10-13,FRANCE,0,36856,1911,252129.0,1503609.0,102,0.0
2022-10-14,FRANCE,0,37257,1936,252279.0,1505582.0,102,0.0
2022-10-15,FRANCE,0,37565,1949,252337.0,1506481.0,102,0.0
2022-10-16,FRANCE,0,37726,1967,252363.0,1506654.0,102,0.0
2022-10-17,FRANCE,0,38639,2119,252587.0,1508541.0,102,0.0
2022-10-18,FRANCE,0,39540,2126,252784.0,1510912.0,102,0.0
2022-10-19,FRANCE,0,39798,2081,252980.0,1513456.0,102,0.0
2022-10-20,FRANCE,0,39883,2069,253104.0,1515758.0,102,0.0
2022-10-21,FRANCE,0,39994,2070,253265.0,1517894.0,102,0.0
2022-10-22,FRANCE,0,39834,2076,253328.0,1518895.0,102,0.0
2022-10-23,FRANCE,0,39985,2066,253362.0,1519063.0,102,0.0
2022-10-24,FRANCE,0,40050,2109,253604.0,1521120.0,102,0.0
2022-10-25,FRANCE,0,39588,2072,253863.0,1524213.0,102,0.0
2022-10-26,FRANCE,0,39695,2096,253981.0,1526227.0,102,0.0
2022-10-27,FRANCE,0,39590,2105,254113.0,1528167.0,102,0.0
2022-10-28,FRANCE,0,39048,2070,254231.0,1530502.0,102,0.0
2022-10-29,FRANCE,0,38624,2045,254309.0,1531756.0,102,0.0
2022-10-30,FRANCE,0,38690,2039,254326.0,1531921.0,102,0.0
2022-10-31,FRANCE,0,38619,2079,254548.0,1533546.0,102,0.0
2022-11-01,FRANCE,0,38461,2131,254650.0,1534546.0,102,0.0
2022-11-02,FRANCE,0,38231,2121,254829.0,1536443.0,102,0.0
2022-11-03,FRANCE,0,37652,2102,254939.0,1538668.0,102,0.0
2022-11-04,FRANCE,0,37296,2050,255087.0,1540384.0,102,0.0
2022-11-05,FRANCE,0,36921,2030,255151.0,1541336.0,102,0.0
2022-11-06,FRANCE,0,36914,2036,255161.0,1541535.0,102,0.0
2022-11-07,FRANCE,0,36729,2022,255378.0,1543283.0,102,0.0
2022-11-08,FRANCE,0,36170,1944,255610.0,1545546.0,102,0.0
2022-11-09,FRANCE,0,35958,1931,255748.0,1547316.0,102,0.0
2022-11-10,FRANCE,0,35768,1916,255849.0,1548951.0,102,0.0
2022-11-11,FRANCE,0,35629,1888,255902.0,1549759.0,102,0.0
2022-11-12,FRANCE,0,35669,1894,255922.0,1549945.0,102,0.0
2022-11-13,FRANCE,0,35757,1906,255924.0,1550045.0,102,0.0
2022-11-14,FRANCE,0,35923,1935,256122.0,1551697.0,102,0.0
2022-11-15,FRANCE,0,35793,1930,256335.0,1553685.0,102,0.0
2022-11-16,FRANCE,0,35944,1956,256475.0,1555432.0,102,0.0
2022-11-17,FRANCE,0,35652,1916,256625.0,1557299.0,102,0.0
2022-11-18,FRANCE,0,35599,1915,256762.0,1559006.0,102,0.0
2022-11-19,FRANCE,0,35424,1911,256814.0,1559888.0,102,0.0
2022-11-20,FRANCE,0,35582,1930,256818.0,1560058.0,102,0.0
2022-11-21,FRANCE,0,35997,1947,257005.0,1561610.0,102,0.0
2022-11-22,FRANCE,0,36086,1934,257183.0,1563639.0,102,0.0
2022-11-23,FRANCE,0,36424,1970,257332.0,1565316.0,102,0.0
2022-11-24,FRANCE,0,36383,1963,257443.0,1566960.0,102,0.0
2022-11-25,FRANCE,0,36475,2010,257567.0,1568596.0,102,0.0
2022-11-26,FRANCE,0,36414,2010,257625.0,1569484.0,102,0.0
2022-11-27,FRANCE,0,36480,2004,257641.0,1569687.0,102,0.0
2022-11-28,FRANCE,0,37282,2121,257831.0,1571430.0,102,0.0
2022-11-29,FRANCE,0,37846,2143,258006.0,1573604.0,102,0.0
2022-11-30,FRANCE,0,38713,2216,258186.0,1575392.0,102,0.0
2022-12-01,FRANCE,0,39060,2171,258338.0,1577476.0,102,0.0
2022-12-02,FRANCE,0,39442,2219,258472.0,1579208.0,102,0.0
2022-12-03,FRANCE,0,39249,2179,258548.0,1580408.0,102,0.0
2022-12-04,FRANCE,0,39429,2175,258568.0,1580646.0,102,0.0
2022-12-05,FRANCE,0,40478,2220,258775.0,1582229.0,102,0.0
2022-12-06,FRANCE,0,40913,2232,259009.0,1585065.0,102,0.0
2022-12-07,FRANCE,0,41873,2279,259195.0,1587304.0,102,0.0
2022-12-08,FRANCE,0,42909,2390,259309.0,1589550.0,102,0.0
2022-12-09,FRANCE,0,43420,2353,259477.0,1591918.0,102,0.0
2022-12-10,FRANCE,0,43790,2365,259584.0,1593159.0,102,0.0
2022-12-11,FRANCE,0,43927,2372,259623.0,1593380.0,102,0.0
2022-12-12,FRANCE,0,45055,2459,259955.0,1595618.0,102,0.0
2022-12-13,FRANCE,0,46081,2563,260221.0,1598478.0,102,0.0
2022-12-14,FRANCE,0,47096,2669,260428.0,1601231.0,102,0.0
2022-12-15,FRANCE,0,47857,2735,260623.0,1603788.0,102,0.0
2022-12-16,FRANCE,0,47957,2773,260870.0,1606660.0,102,0.0
2022-12-17,FRANCE,0,48120,2755,260956.0,1608143.0,102,0.0
2022-12-18,FRANCE,0,48318,2753,261003.0,1608454.0,102,0.0
2022-12-19,FRANCE,0,48876,2828,261356.0,1610985.0,102,0.0
2022-12-20,FRANCE,0,49607,2864,261614.0,1614465.0,102,0.0
2022-12-21,FRANCE,0,50052,2876,261862.0,1617691.0,102,0.0
2022-12-22,FRANCE,0,50391,2894,262088.0,1620347.0,102,0.0
2022-12-23,FRANCE,0,50050,2900,262391.0,1623537.0,102,0.0
2022-12-24,FRANCE,0,49851,2881,262489.0,1624937.0,102,0.0
2022-12-25,FRANCE,0,49791,2881,262524.0,1625205.0,102,0.0
2022-12-26,FRANCE,0,49705,2899,262790.0,1627386.0,102,0.0
2022-12-27,FRANCE,0,49801,2885,263200.0,1630532.0,102,0.0
2022-12-28,FRANCE,0,49615,2957,263468.0,1633482.0,102,0.0
2022-12-29,FRANCE,0,48931,2958,263721.0,1636063.0,102,0.0
2022-12-30,FRANCE,0,48408,2943,263925.0,1638472.0,102,0.0
2022-12-31,FRANCE,0,47925,2945,264009.0,1639681.0,102,0.0
2023-01-01,FRANCE,0,47941,2942,264047.0,1639935.0,102,0.0
2023-01-02,FRANCE,0,47784,2917,264389.0,1642443.0,102,0.0
2023-01-03,FRANCE,0,46677,2820,264711.0,1645708.0,102,0.0
2023-01-04,FRANCE,0,45989,2769,264939.0,1648200.0,102,0.0
2023-01-05,FRANCE,0,44990,2695,265202.0,1650494.0,102,0.0
2023-01-06,FRANCE,0,44336,2672,265440.0,1652640.0,102,0.0
2023-01-07,FRANCE,0,43926,2651,265536.0,1653601.0,102,0.0
2023-01-08,FRANCE,0,43871,2653,265570.0,1653819.0,102,0.0
2023-01-09,FRANCE,0,42776,2526,265859.0,1656045.0,102,0.0
2023-01-10,FRANCE,0,41883,2475,266088.0,1658378.0,102,0.0
2023-01-11,FRANCE,0,41240,2461,266245.0,1660213.0,102,0.0
2023-01-12,FRANCE,0,40500,2458,266344.0,1661844.0,102,0.0
2023-01-13,FRANCE,0,39777,2445,266539.0,1663508.0,102,0.0
2023-01-14,FRANCE,0,39601,2419,266578.0,1664063.0,102,0.0
2023-01-15,FRANCE,0,39543,2413,266594.0,1664229.0,102,0.0
2023-01-16,FRANCE,0,39082,2365,266754.0,1665563.0,102,0.0
2023-01-17,FRANCE,0,38163,2281,266952.0,1667259.0,102,0.0
2023-01-18,FRANCE,0,37563,2273,267108.0,1668559.0,102,0.0
2023-01-19,FRANCE,0,36655,2200,267228.0,1670084.0,102,0.0
2023-01-20,FRANCE,0,35935,2127,267313.0,1671292.0,102,0.0
2023-01-21,FRANCE,0,35583,2088,267367.0,1671871.0,102,0.0
2023-01-22,FRANCE,0,35541,2080,267385.0,1671973.0,102,0.0
2023-01-23,FRANCE,0,34999,2025,267586.0,1673106.0,102,0.0
2023-01-24,FRANCE,0,34136,1938,267703.0,1674607.0,102,0.0
2023-01-25,FRANCE,0,33558,1908,267771.0,1675715.0,102,0.0
2023-01-26,FRANCE,0,32691,1866,267870.0,1677097.0,102,0.0
2023-01-27,FRANCE,0,31710,1816,267957.0,1678626.0,102,0.0
2023-01-28,FRANCE,0,31044,1784,268017.0,1679486.0,102,0.0
2023-01-29,FRANCE,0,30928,1786,268029.0,1679668.0,102,0.0
2023-01-30,FRANCE,0,30484,1761,268146.0,1680763.0,102,0.0
2023-01-31,FRANCE,0,29296,1725,268260.0,1682508.0,102,0.0
2023-02-01,FRANCE,0,28392,1669,268366.0,1684190.0,102,0.0
2023-02-02,FRANCE,0,27842,1630,268465.0,1685230.0,102,0.0
2023-02-03,FRANCE,0,27614,1606,268519.0,1686020.0,102,0.0
2023-02-04,FRANCE,0,27499,1588,268561.0,1680740.0,102,0.0
2023-02-05,FRANCE,0,27499,1586,268561.0,1680758.0,102,0.0
2023-02-06,FRANCE,0,27375,1570,268641.0,1681372.0,102,0.0
2023-02-07,FRANCE,0,27012,1552,268725.0,1682424.0,102,0.0
2023-02-08,FRANCE,0,26928,1526,268787.0,1688929.0,102,0.0
2023-02-09,FRANCE,0,26767,1532,268820.0,1689487.0,102,0.0
2023-02-10,FRANCE,0,26598,1546,268860.0,1690246.0,102,0.0
2023-02-11,FRANCE,0,26541,1542,268882.0,1690499.0,102,0.0
2023-02-12,FRANCE,0,26527,1540,268884.0,1690515.0,102,0.0
2023-02-13,FRANCE,0,26464,1535,268960.0,1691245.0,102,0.0
2023-02-14,FRANCE,0,26198,1540,269032.0,1692193.0,102,0.0
2023-02-15,FRANCE,0,25918,1496,269099.0,1693072.0,102,0.0
2023-02-16,FRANCE,0,25796,1482,269150.0,1693627.0,102,0.0
2023-02-17,FRANCE,0,25760,1477,269204.0,1694297.0,102,0.0
2023-02-18,FRANCE,0,25650,1453,269236.0,1694595.0,102,0.0
2023-02-19,FRANCE,0,25650,1449,269238.0,1694671.0,102,0.0
2023-02-20,FRANCE,0,25855,1469,269298.0,1695218.0,102,0.0
2023-02-21,FRANCE,0,25755,1455,269362.0,1696041.0,102,0.0
2023-02-22,FRANCE,0,25689,1465,269438.0,1696845.0,102,0.0
2023-02-23,FRANCE,0,25751,1459,269476.0,1697310.0,102,0.0
2023-02-24,FRANCE,0,25684,1455,269534.0,1697883.0,102,0.0
2023-02-25,FRANCE,0,25562,1437,269566.0,1698261.0,102,0.0
2023-02-26,FRANCE,0,25591,1439,269568.0,1698302.0,102,0.0
2023-02-27,FRANCE,0,25686,1445,269637.0,1698850.0,102,0.0
2023-02-28,FRANCE,0,25480,1437,269705.0,1699604.0,102,0.0
2023-03-01,FRANCE,0,25339,1429,269755.0,1700386.0,102,0.0
2023-03-02,FRANCE,0,25295,1433,269797.0,1700888.0,102,0.0
2023-03-03,FRANCE,0,25166,1412,269839.0,1701582.0,102,0.0
2023-03-04,FRANCE,0,25174,1426,269873.0,1701869.0,102,0.0
2023-03-05,FRANCE,0,25186,1430,269873.0,1701877.0,102,0.0
2023-03-06,FRANCE,0,25400,1454,269925.0,1702504.0,102,0.0
2023-03-07,FRANCE,0,25530,1462,269973.0,1703146.0,102,0.0
2023-03-08,FRANCE,0,25823,1468,270027.0,1703647.0,102,0.0
2023-03-09,FRANCE,0,25876,1476,270047.0,1704265.0,102,0.0
2023-03-10,FRANCE,0,26002,1499,270101.0,1704928.0,102,0.0
2023-03-11,FRANCE,0,26026,1489,270116.0,1705159.0,102,0.0
2023-03-12,FRANCE,0,26015,1480,270116.0,1705186.0,102,0.0
2023-03-13,FRANCE,0,26332,1508,270197.0,1705849.0,102,0.0
2023-03-14,FRANCE,0,26324,1512,270251.0,1706524.0,102,0.0
2023-03-15,FRANCE,0,26522,1518,270298.0,1707284.0,102,0.0
2023-03-16,FRANCE,0,26412,1489,270346.0,1707999.0,102,0.0
2023-03-17,FRANCE,0,26319,1501,270396.0,1708889.0,102,0.0
2023-03-18,FRANCE,0,26173,1496,270418.0,1709341.0,102,0.0
2023-03-19,FRANCE,0,26185,1500,270418.0,1709357.0,102,0.0
2023-03-20,FRANCE,0,26478,1511,270518.0,1710250.0,102,0.0
2023-03-21,FRANCE,0,26626,1513,270587.0,1711162.0,102,0.0
2023-03-22,FRANCE,0,26596,1513,270613.0,1712235.0,102,0.0
2023-03-23,FRANCE,0,25807,1468,270663.0,1713706.0,102,0.0
2023-03-24,FRANCE,0,25957,1492,270693.0,1714592.0,102,0.0
2023-03-25,FRANCE,0,25830,1478,270721.0,1715043.0,102,0.0
2023-03-26,FRANCE,0,25828,1482,270731.0,1715096.0,102,0.0
2023-03-27,FRANCE,0,25986,1448,270815.0,1715906.0,102,0.0
2023-03-28,FRANCE,0,26121,1433,270892.0,1716872.0,102,0.0
2023-03-29,FRANCE,0,26137,1460,270959.0,1717875.0,102,0.0
2023-03-30,FRANCE,0,26142,1458,271030.0,1718611.0,102,0.0
2023-03-31,FRANCE,0,26065,1413,271091.0,1719619.0,102,0.0
2020-05-14,COLOMBIA,44,0,0,2.0,0.0,4,35.79545454545455
2020-05-15,COLOMBIA,143,0,0,4.0,0.0,16,38.59440559440559
2020-05-16,COLOMBIA,539,0,0,21.0,0.0,21,38.83673469387755
2020-05-17,COLOMBIA,498,0,0,13.0,0.0,17,35.7570281124498
2020-05-18,COLOMBIA,262,0,0,8.0,0.0,11,32.66030534351145
2020-05-21,COLOMBIA,284,0,0,8.0,0.0,15,38.433098591549296
2020-05-22,COLOMBIA,581,0,0,25.0,0.0,19,38.27538726333907
2020-05-23,COLOMBIA,312,0,0,21.0,0.0,12,41.19871794871795
2020-05-24,COLOMBIA,37,0,0,0.0,0.0,2,39.513513513513516
2020-05-25,COLOMBIA,4,0,0,0.0,0.0,2,54.5
2020-06-07,COLOMBIA,1,0,0,0.0,0.0,1,27.0
2020-06-22,COLOMBIA,1,0,0,0.0,0.0,1,28.0
2020-06-23,COLOMBIA,1661,0,0,91.0,0.0,28,39.245635159542445
2020-06-24,COLOMBIA,796,0,0,27.0,0.0,21,38.71105527638191
2020-06-25,COLOMBIA,300,0,0,14.0,0.0,24,39.82
2020-07-08,COLOMBIA,947,0,0,43.0,0.0,7,41.63885955649419
2020-07-09,COLOMBIA,1981,0,0,124.0,0.0,32,40.96415951539626
2020-07-17,COLOMBIA,863,0,0,13.0,0.0,23,38.025492468134416
2020-07-18,COLOMBIA,2659,0,0,110.0,0.0,28,40.49680330951485
2020-07-24,COLOMBIA,296,0,0,7.0,0.0,1,36.46283783783784
2020-07-25,COLOMBIA,2439,0,0,84.0,0.0,32,38.55555555555556
2020-07-30,COLOMBIA,1179,0,0,32.0,0.0,28,39.295165394402034
2020-07-31,COLOMBIA,1158,0,0,41.0,0.0,29,38.0440414507772
2020-08-04,COLOMBIA,1496,0,0,51.0,0.0,17,39.1798128342246
2020-08-05,COLOMBIA,1558,0,0,53.0,0.0,30,40.72721437740693
2020-08-09,COLOMBIA,2456,0,0,73.0,0.0,31,39.52483713355049
2020-08-13,COLOMBIA,2556,0,0,140.0,0.0,29,41.10250391236307
2020-08-17,COLOMBIA,2929,0,0,52.0,0.0,33,38.56264936838512
2020-08-21,COLOMBIA,2624,0,0,108.0,0.0,31,40.58346036585366
2020-08-25,COLOMBIA,2322,0,0,46.0,0.0,31,38.33634797588286
2020-08-29,COLOMBIA,1387,0,0,19.0,0.0,22,38.66402307137707
2020-08-30,COLOMBIA,713,0,0,23.0,0.0,28,41.23422159887798
2020-08-31,COLOMBIA,1,0,0,0.0,0.0,1,23.0
2020-09-03,COLOMBIA,2165,0,0,66.0,0.0,13,41.06836027713626
2020-09-08,COLOMBIA,2026,0,0,51.0,0.0,36,41.212240868706814
2020-09-13,COLOMBIA,2330,0,0,70.0,0.0,35,40.98369098712446
2020-09-18,COLOMBIA,1655,0,0,47.0,0.0,11,40.02356495468278
2020-09-23,COLOMBIA,1823,0,0,92.0,0.0,35,42.19418540866703
2020-09-27,COLOMBIA,826,0,0,21.0,0.0,30,41.23970944309927
2020-09-28,COLOMBIA,1050,0,0,22.0,0.0,31,40.375238095238096
2020-10-03,COLOMBIA,1855,0,0,56.0,0.0,33,41.13530997304582
2020-10-07,COLOMBIA,1404,0,0,33.0,0.0,26,41.17450142450142
2020-10-08,COLOMBIA,422,0,0,12.0,0.0,26,39.36492890995261
2020-10-11,COLOMBIA,1715,0,0,28.0,0.0,31,38.862973760932945
2020-10-15,COLOMBIA,1100,0,0,14.0,0.0,18,38.084545454545456
2020-10-16,COLOMBIA,494,0,0,12.0,0.0,27,38.18218623481781
2020-10-19,COLOMBIA,1154,0,0,9.0,0.0,32,34.68890814558059
2020-10-20,COLOMBIA,281,0,0,8.0,0.0,28,39.52313167259786
2020-10-23,COLOMBIA,1475,0,0,47.0,0.0,34,40.00271186440678
2020-10-26,COLOMBIA,1317,0,0,32.0,0.0,29,39.71678056188307
2020-10-27,COLOMBIA,10,0,0,0.0,0.0,4,22.5
2020-10-28,COLOMBIA,370,0,0,5.0,0.0,1,40.36486486486486
2020-10-30,COLOMBIA,879,0,0,23.0,0.0,9,40.466439135381115
2020-10-31,COLOMBIA,706,0,0,21.0,0.0,9,40.11473087818697
2020-11-01,COLOMBIA,180,0,0,4.0,0.0,21,38.577777777777776
2020-11-02,COLOMBIA,466,0,0,4.0,0.0,3,39.84334763948498
2020-11-03,COLOMBIA,497,0,0,15.0,0.0,27,40.225352112676056
2020-11-04,COLOMBIA,18,0,0,0.0,0.0,5,37.27777777777778
2020-11-05,COLOMBIA,477,0,0,9.0,0.0,20,40.266247379454924
2020-11-06,COLOMBIA,668,0,0,10.0,0.0,1,37.59131736526946
2020-11-07,COLOMBIA,715,0,0,21.0,0.0,31,40.17622377622378
2020-11-08,COLOMBIA,617,0,0,9.0,0.0,20,39.116693679092386
2020-11-09,COLOMBIA,3,0,0,0.0,0.0,3,33.0
2020-11-11,COLOMBIA,1327,0,0,17.0,0.0,32,38.577995478522986
2020-11-14,COLOMBIA,1140,0,0,20.0,0.0,32,37.97456140350877
2020-11-16,COLOMBIA,771,0,0,19.0,0.0,28,42.11413748378729
2020-11-17,COLOMBIA,360,0,0,14.0,0.0,23,40.19722222222222
2020-11-19,COLOMBIA,713,0,0,7.0,0.0,15,36.28330995792427
2020-11-20,COLOMBIA,71,0,0,0.0,0.0,19,37.28169014084507
2020-11-22,COLOMBIA,874,0,0,19.0,0.0,30,40.44965675057208
2020-11-23,COLOMBIA,1,0,0,0.0,0.0,1,63.0
2020-11-24,COLOMBIA,289,0,0,7.0,0.0,18,38.88235294117647
2020-11-25,COLOMBIA,536,0,0,6.0,0.0,26,38.78731343283582
2020-11-26,COLOMBIA,311,0,0,5.0,0.0,26,38.356913183279744
2020-11-27,COLOMBIA,788,0,0,10.0,0.0,29,39.23096446700507
2020-11-28,COLOMBIA,679,0,0,10.0,0.0,29,40.188512518409425
2020-11-29,COLOMBIA,25,0,0,0.0,0.0,6,36.4
2020-11-30,COLOMBIA,769,0,0,8.0,0.0,23,41.44733420026008
2020-12-02,COLOMBIA,891,0,0,8.0,0.0,2,41.2368125701459
2020-12-04,COLOMBIA,701,0,0,10.0,0.0,24,38.761768901569184
2020-12-06,COLOMBIA,945,0,0,35.0,0.0,29,41.12592592592593
2020-12-08,COLOMBIA,998,0,0,31.0,0.0,32,40.265531062124246
2020-12-10,COLOMBIA,789,0,0,16.0,0.0,25,42.544993662864385
2020-12-11,COLOMBIA,880,0,0,24.0,0.0,2,40.31931818181818
2020-12-13,COLOMBIA,768,0,0,9.0,0.0,26,35.3671875
2020-12-14,COLOMBIA,280,0,0,4.0,0.0,26,40.90357142857143
2020-12-15,COLOMBIA,283,0,0,9.0,0.0,26,39.86572438162544
2020-12-16,COLOMBIA,759,0,0,15.0,0.0,29,37.94729907773386
2020-12-17,COLOMBIA,619,0,0,18.0,0.0,28,41.75767366720517
2020-12-18,COLOMBIA,636,0,0,11.0,0.0,26,40.5251572327044
2020-12-19,COLOMBIA,1055,0,0,11.0,0.0,27,37.10900473933649
2020-12-20,COLOMBIA,646,0,0,7.0,0.0,25,37.71362229102167
2020-12-21,COLOMBIA,620,0,0,13.0,0.0,25,36.75806451612903
2020-12-22,COLOMBIA,402,0,0,5.0,0.0,2,44.39054726368159
2020-12-23,COLOMBIA,471,0,0,24.0,0.0,2,43.00849256900212
2020-12-24,COLOMBIA,828,0,0,23.0,0.0,26,44.457729468599034
2020-12-25,COLOMBIA,1115,0,0,26.0,0.0,28,42.874439461883405
2020-12-26,COLOMBIA,600,0,0,19.0,0.0,25,49.37833333333333
2020-12-27,COLOMBIA,373,0,0,4.0,0.0,1,44.55764075067024
2020-12-28,COLOMBIA,327,0,0,9.0,0.0,2,41.357798165137616
2020-12-29,COLOMBIA,491,0,0,8.0,0.0,2,35.65987780040733
2020-12-30,COLOMBIA,326,0,0,26.0,0.0,1,46.15030674846626
2020-12-31,COLOMBIA,1092,0,0,40.0,0.0,27,39.32234432234432
2021-01-01,COLOMBIA,448,0,0,6.0,0.0,19,35.613839285714285
2021-01-02,COLOMBIA,537,0,0,11.0,0.0,29,32.53072625698324
2021-01-03,COLOMBIA,252,0,0,2.0,0.0,1,45.638888888888886
2021-01-04,COLOMBIA,545,0,0,6.0,0.0,2,42.82385321100917
2021-01-05,COLOMBIA,608,0,0,14.0,0.0,27,39.90296052631579
2021-01-06,COLOMBIA,964,0,0,27.0,0.0,28,39.93568464730291
2021-01-07,COLOMBIA,1011,0,0,26.0,0.0,22,40.4431256181998
2021-01-08,COLOMBIA,1135,0,0,43.0,0.0,30,43.86872246696035
2021-01-09,COLOMBIA,988,0,0,14.0,0.0,28,42.79251012145749
2021-01-10,COLOMBIA,747,0,0,29.0,0.0,25,46.68273092369478
2021-01-11,COLOMBIA,903,0,0,20.0,0.0,30,42.80398671096346
2021-01-12,COLOMBIA,578,0,0,13.0,0.0,26,37.07785467128028
2021-01-13,COLOMBIA,1102,0,0,38.0,0.0,28,41.01905626134301
2021-01-14,COLOMBIA,710,0,0,16.0,0.0,25,40.91267605633803
2021-01-16,COLOMBIA,1,0,0,0.0,0.0,1,48.0
2021-01-18,COLOMBIA,1,0,0,0.0,0.0,1,40.0
2021-01-19,COLOMBIA,1,0,0,0.0,0.0,1,57.0
2021-01-22,COLOMBIA,1,0,0,0.0,0.0,1,51.0
2021-01-25,COLOMBIA,3,0,0,0.0,0.0,2,30.666666666666668
2021-01-29,COLOMBIA,1,0,0,0.0,0.0,1,24.0
2021-02-03,COLOMBIA,3,0,0,0.0,0.0,3,32.0
2021-02-09,COLOMBIA,1,0,0,1.0,0.0,1,77.0
2021-02-15,COLOMBIA,1,0,0,0.0,0.0,1,13.0
2021-03-02,COLOMBIA,1,0,0,0.0,0.0,1,40.0
2021-03-04,COLOMBIA,1,0,0,0.0,0.0,1,35.0
2021-03-17,COLOMBIA,1,0,0,0.0,0.0,1,65.0
2021-03-23,COLOMBIA,1,0,0,0.0,0.0,1,32.0
2021-03-24,COLOMBIA,1,0,0,0.0,0.0,1,21.0
2021-04-18,COLOMBIA,1,0,0,0.0,0.0,1,41.0
2021-05-03,COLOMBIA,2,0,0,0.0,0.0,2,63.5
2021-06-11,COLOMBIA,1,0,0,0.0,0.0,1,44.0
2021-06-19,COLOMBIA,4,0,0,0.0,0.0,1,31.5
2021-06-22,COLOMBIA,2,0,0,0.0,0.0,2,46.0
2021-06-26,COLOMBIA,1,0,0,0.0,0.0,1,40.0
2021-06-29,COLOMBIA,3,0,0,0.0,0.0,2,29.666666666666668
2021-06-30,COLOMBIA,1,0,0,0.0,0.0,1,42.0
2021-07-03,COLOMBIA,1,0,0,0.0,0.0,1,48.0
2021-07-04,COLOMBIA,4,0,0,0.0,0.0,4,48.75
2021-07-05,COLOMBIA,1,0,0,0.0,0.0,1,42.0
2021-07-08,COLOMBIA,83,0,0,1.0,0.0,24,37.65060240963855
2021-07-10,COLOMBIA,2,0,0,0.0,0.0,2,52.0
2021-07-13,COLOMBIA,3,0,0,0.0,0.0,3,36.333333333333336
2021-07-15,COLOMBIA,2,0,0,0.0,0.0,2,30.0
2021-07-16,COLOMBIA,1,0,0,0.0,0.0,1,31.0
2021-07-17,COLOMBIA,2,0,0,0.0,0.0,2,48.0
2021-08-10,COLOMBIA,1,0,0,0.0,0.0,1,57.0
2021-08-13,COLOMBIA,1,0,0,0.0,0.0,1,29.0
2021-08-14,COLOMBIA,1,0,0,0.0,0.0,1,31.0
2021-08-15,COLOMBIA,1,0,0,0.0,0.0,1,35.0
2021-08-16,COLOMBIA,2,0,0,0.0,0.0,2,56.0
2021-08-18,COLOMBIA,1,0,0,0.0,0.0,1,56.0
2021-08-31,COLOMBIA,2,0,0,0.0,0.0,1,22.5
2021-09-08,COLOMBIA,8,0,0,0.0,0.0,1,38.25
2021-09-09,COLOMBIA,2,0,0,0.0,0.0,1,56.5
2021-09-10,COLOMBIA,10,0,0,0.0,0.0,2,30.9
2021-09-18,COLOMBIA,3,0,0,0.0,0.0,2,34.0
2021-09-19,COLOMBIA,1,0,0,0.0,0.0,1,59.0
2021-09-20,COLOMBIA,6,0,0,0.0,0.0,2,34.833333333333336
2021-09-30,COLOMBIA,6,0,0,0.0,0.0,1,20.333333333333332
2021-10-23,COLOMBIA,1,0,0,0.0,0.0,1,42.0
2021-10-24,COLOMBIA,1,0,0,0.0,0.0,1,54.0
2022-01-04,COLOMBIA,8,0,0,0.0,0.0,1,38.25
2022-01-05,COLOMBIA,4,0,0,0.0,0.0,1,34.25
2022-01-06,COLOMBIA,2,0,0,0.0,0.0,1,63.0
2022-01-07,COLOMBIA,1,0,0,0.0,0.0,1,20.0
2022-01-08,COLOMBIA,1,0,0,0.0,0.0,1,43.0
2022-01-18,COLOMBIA,2,0,0,0.0,0.0,2,63.0
2022-01-25,COLOMBIA,1,0,0,0.0,0.0,1,68.0
